satPRN,GPS time,Sat.X,Sat.Y,Sat.Z,pseudorange,cn0
G02,3139.342218269012,14591866.966557112,-5125610.266319888,22056116.95658494,22792039.017682195,47.2
G03,3139.3385134040145,23173479.482240584,-12102446.045672685,4147832.625594413,24131358.534740735,44.3
G08,3139.3481743880548,24944545.530409124,4723196.893046651,8404084.294735465,21178412.136658646,50.7
G10,3155.342627316015,-1422253.478673378,17205202.58820848,20295954.526775006,22802966.663672205,36.2
G21,3139.346333184978,15717806.50748737,1649481.8821763806,21896290.070443552,21732699.375334933,44.1
G27,3139.3447563149966,23134798.299755145,13296734.952176219,-2727530.9775311192,22161735.16137114,43.2
G28,3139.3391074769897,5190524.141343625,25780713.095625866,-3750984.7821385763,23800201.24902511,38.1
G32,3139.3471254500328,8004524.969909515,17928069.811361097,18190163.98179976,21271716.472752698,42.2
G02,3140.3422198659973,14592304.580027768,-5122959.862970568,22056477.773290534,22791560.25545099,47.6
G03,3140.3385149930837,23173144.851224016,-12101962.982488178,4151008.9555503884,24130882.15016987,44.8
G08,3140.3481737220427,24945418.424417596,4723865.152570108,8401196.8474223,21178611.80900284,51.8
G10,3156.342626048019,-1424413.5119917523,17206531.817258596,20294631.996999994,22803346.797920316,38.0
G21,3140.346334250062,15718230.65578289,1652110.6281089815,21895876.27374978,21732380.07077358,44.9
G27,3140.344754423015,23134418.74395557,13296813.731150793,-2730657.68200507,22162302.362566903,43.4
G28,3140.339109098073,5190297.342903983,25781212.273909174,-3747855.105153496,23799715.255928084,38.3
G32,3140.34712454502,8002427.067206227,17927217.899219863,18191927.459506024,21271987.78860179,43.1
G02,3141.342221442028,14592742.360147364,-5120309.446315745,22056838.140255928,22791087.775298174,46.7
G03,3141.3385165710934,23172809.915852107,-12101479.67473145,4154185.1962405485,24130409.08114038,45.3
G08,3141.34817304404,24946291.02859182,4724533.211462991,8398309.225013707,21178815.07609189,51.1
G10,3157.342624756042,-1426573.3289631158,17207861.090288807,20293309.039628055,22803734.121658135,37.3
G21,3141.3463353000116,15718654.952934412,1654739.2874807492,21895462.033861294,21732065.303268835,46.9
G27,3141.3447525410447,23134038.844766606,13296892.361541457,-2733784.330090749,22162866.562325213,42.1
G28,3141.339110678993,5190070.5344691,25781711.074079,-3744725.34857729,23799241.303481303,38.6
G32,3141.3471236350015,8000328.91648469,17926366.015748844,18193690.55899021,21272260.6051696,44.0
G02,3142.3422230180586,14593180.306921367,-5117659.01636445,22057198.057482753,22790615.29514536,44.2
G03,3142.3385181290796,23172474.67616816,-12100996.122369658,4157361.34756798,24129942.01498579,46.7
G08,3142.3481723760488,24947163.34290964,4725201.069772164,8395421.427506812,21179015.341743484,43.2
G10,3158.342623424018,-1428732.929511982,17209190.407223888,20291985.654706735,22804133.451145757,40.6
G21,3142.346336363,15719079.398937466,1657367.860305056,21895047.350778345,21731746.626915317,38.8
G27,3142.3447506399825,23133658.602184948,13296970.843395937,-2736910.9216327523,22163436.485754948,43.5
G28,3142.3391122299945,5189843.71598544,25782209.49613379,-3741595.512444453,23798776.32044644,33.2
G32,3142.3471227190457,7998230.517783548,17925514.160998203,18195453.280214105,21272535.20165962,41.1
G02,3143.3422246270347,14593618.420360496,-5115008.573093904,22057557.52497694,22790132.9381693,38.5
G03,3143.3385197180323,23172139.13219523,-12100512.32534123,4160537.4096261985,24129465.665315356,37.5
G08,3143.34817170701,24948035.367320042,4725868.727522488,8392533.454994256,21179215.921499003,46.3
G10,3159.342622161028,-1430892.3138336157,17210519.76815497,20290661.842117902,22804512.08467514,41.2
G21,3143.346337413066,15719503.99376461,1659996.3464529663,21894632.22452363,21731431.82451014,41.7
G27,3143.3447487440426,23133278.0161874,13297049.176765535,-2740037.4566423907,22164004.873565514,40.6
G28,3143.33911379904,5189616.8873903435,25782707.54009093,-3738465.596671429,23798305.927844074,31.9
G32,3143.3471218060004,7996131.871120844,17924662.33500982,18197215.623156678,21272808.925638758,43.6
G02,3144.342226190027,14594056.70042642,-5112358.1167779025,22057916.542704206,22789664.36686526,42.4
G03,3144.3385212400462,23171803.284006517,-12100028.283656344,4163713.3820358217,24129009.383395333,34.6
G08,3144.348171040998,24948907.101785235,4726536.184748864,8389645.307524936,21179415.59384319,46.4
G10,3160.3426208600868,-1433051.4816562785,17211849.17288594,20289337.602029435,22804902.09574649,39.2
G21,3144.3463384869974,15719928.737415025,1662624.745960733,21894216.65509382,21731109.867515687,40.2
G27,3144.3447468500817,23132897.086760703,13297127.361700239,-2743163.9350453992,22164572.66806868,39.8
G28,3144.339115518029,5189390.048602195,25783205.206009477,-3735335.600911922,23797790.583480813,34.0
G32,3144.347120882012,7994032.976562597,17923810.53784476,18198977.587756924,21273085.93025883,43.3
G02,3145.342227761983,14594495.147139462,-5109707.647335387,22058275.11067841,22789193.108227685,45.0
G03,3145.338522857055,23171467.131587677,-12099543.997199925,4166889.265242708,24128524.62271995,37.7
G08,3145.3481703620637,24949778.546249963,4727203.441472884,8386756.985205627,21179619.140135724,49.0
G10,3161.342619564035,-1435210.4330321224,17213178.62141989,20288012.934410878,22805290.64099955,40.2
G21,3145.3463395070285,15720353.629839228,1665253.0585631393,21893800.642533194,21730804.069422863,39.9
G27,3145.344744966016,23132515.813887764,13297205.398250192,-2746290.356802147,22165137.49603483,36.6
G28,3145.339117050986,5189163.199646102,25783702.49371559,-3732205.526284102,23797331.010013446,31.7
G32,3145.347119980026,7991933.834076067,17922958.769524448,18200739.1740363,21273356.33869659,44.7
G02,3146.342229361995,14594933.76050424,-5107057.164780322,22058633.22890047,22788713.43858516,43.8
G03,3146.3385244560195,23171130.675016988,-12099059.465989567,4170065.0588194164,24128045.271612074,37.2
G08,3146.348169689998,24950649.700690202,4727870.497739821,8383868.488039859,21179820.627302565,48.4
G10,3162.3426182559924,-1437369.167884117,17214508.11368045,20286687.83931089,22805682.780997466,43.6
G21,3146.3463405660586,15720778.671060232,1667881.2844437743,21893384.186815087,21730486.57968415,44.2
G27,3146.3447430370143,23132134.197575316,13297283.286460966,-2749416.721676796,22165715.795569077,40.8
G28,3146.3391185230576,5188936.340441668,25784199.40326521,-3729075.372462833,23796889.689473834,29.6
G32,3146.347119035083,7989834.443834531,17922107.03015347,18202500.381843805,21273639.625395045,42.3
G02,3147.34223091905,14595372.54048584,-5104406.669365488,22058990.897339102,22788246.647203326,41.6
G03,3147.3385260140058,23170793.914342597,-12098574.689999163,4173240.7626246954,24127578.205457482,33.6
G08,3147.348169011064,24951520.565052643,4728537.353572721,8380979.816128009,21180024.173595097,46.8
G10,3163.342616960057,-1439527.6862238264,17215837.64964575,20285362.316723827,22806071.29135009,41.2
G21,3147.3463416179875,15721203.861041993,1670509.423420729,21892967.287970632,21730171.218872003,40.8
G27,3147.3447411700618,23131752.23776832,13297361.026390724,-2752543.0299394336,22166275.49317121,43.7
G28,3147.339120245073,5188709.4708671365,25784695.934806086,-3725945.138541714,23796373.43769925,30.8
G32,3147.347118159989,7987734.805637658,17921255.319685224,18204261.211341515,21273901.971832216,42.6
G02,3148.342232508003,14595811.48711332,-5101756.160957015,22059348.1160152,22787770.29310217,39.9
G03,3148.3385275730398,23170456.849590387,-12098089.669171816,4176416.3767235707,24127110.82519897,37.5
G08,3148.348168337019,24952391.13930621,4729204.009011796,8378090.969496796,21180226.25406934,48.3
G10,3164.342615665053,-1441685.987986628,17217167.229247056,20284036.366690766,22806459.52249923,41.7
G21,3148.3463426920353,15721629.199780433,1673137.4755103332,21892549.94599962,21729849.226977117,40.6
G27,3148.3447392709786,23131369.934488542,13297438.618082011,-2755669.2812312036,22166844.823293537,46.6
G28,3148.3391217840835,5188482.590969134,25785192.088116683,-3722814.8259425443,23795912.049409237,29.2
G32,3148.3471172230784,7985634.919798804,17920403.638281114,18206021.662261,21274182.850400623,43.6
G02,3149.3422340810066,14596250.600361848,-5099105.639746418,22059704.884905804,22787298.720360674,39.0
G03,3149.3385291830637,23170119.48078393,-12097604.403446054,4179591.9012062233,24126628.158549722,35.7
G08,3149.348167653079,24953261.42339673,4729870.464079438,8375201.948249681,21180431.301080596,40.3
G10,3165.342614365043,-1443844.073119278,17218496.852422517,20282709.989245925,22806849.2543671,37.8
G21,3149.346343719051,15722054.687229667,1675765.4404700692,21892132.16094291,21729541.33485816,39.3
G27,3149.3447373760864,23130987.28770797,13297516.061587442,-2758795.4756012703,22167412.897000186,43.5
G28,3149.3391234669834,5188255.700621713,25785687.863352753,-3719684.4337085974,23795407.524180975,29.6
G32,3149.3471163200447,7983534.786153723,17919551.985909,18207781.734734207,21274453.572942305,39.2
G02,3150.342235715012,14596689.880261444,-5096455.105594215,22060061.20403247,22786808.859790992,37.7
G03,3150.338530758978,23169781.807992168,-12097118.892826293,4182767.3357339795,24126155.717728063,28.9
G08,3150.3481670210604,24954131.4173367,4730536.718849025,8372312.7522687195,21180620.78249763,36.4
G10,3166.3426130950684,-1446001.9416568512,17219826.519164845,20281383.18436909,22807229.98192261,39.1
G21,3150.3463447929826,15722480.323413152,1678393.3184863157,21891713.932773247,21729219.377863713,39.9
G27,3150.344735449995,23130604.297426052,13297593.356954068,-2761921.612874596,22167990.324023545,38.7
G28,3150.3391249380074,5188028.799854327,25786183.26033143,-3716553.963020143,23794966.517745283,28.8
G32,3150.3471154230647,7981434.40479753,17918700.36264194,18209541.42867558,21274722.480661344,37.9
G02,3151.3422372500645,14597129.326738024,-5093804.558988905,22060417.073332384,22786348.66459146,37.1
G03,3151.338532274007,23169443.831264492,-12096633.137288598,4185942.6801534016,24125701.52983417,37.2
G08,3151.348166298005,24955001.120960463,4731202.773257673,8369423.3820277,21180837.556055207,40.2
G10,3167.3426117689814,-1448159.5933731599,17221156.22930552,20280055.952200927,22807627.531488024,41.4
G21,3151.3463458180195,15722906.108273612,1681021.10924653,21891295.261542708,21728912.07905216,39.9
G27,3151.3447335480014,23130220.963607408,13297670.504236085,-2765047.693159656,22168560.526656758,33.9
G28,3151.339126602048,5187801.8885232285,25786678.279246874,-3713423.41267625,23794467.646387566,31.2
G32,3151.3471144910436,7979333.775853273,17917848.768564284,18211300.74397628,21275001.893411465,40.7
G02,3152.342238805024,14597568.939839926,-5091153.999680141,22060772.492842074,22785882.50141747,41.1
G03,3152.338533877046,23169105.550590813,-12096147.13672382,4189117.9348688694,24125220.957211044,42.0
G08,3152.3481656120857,24955870.53433829,4731868.627422792,8366533.837216986,21181043.196373872,39.6
G10,3168.3426104700193,-1450317.0284071164,17222485.982901327,20278728.2926573,22808016.94925197,41.4
G21,3152.346346869017,15723332.04182637,1683648.8128869599,21890876.147231966,21728596.9974435,43.0
G27,3152.344731637044,23129837.28625063,13297747.50348073,-2768173.7162887054,22169133.416623503,34.7
G28,3152.3391282149823,5187574.966632734,25787172.9199716,-3710292.783507704,23793984.096321028,31.9
G32,3152.3471135450527,7977232.899313463,17916997.20370742,18213059.680636857,21275285.494213838,40.6
G02,3153.3422403790755,14598008.719563013,-5088503.42773444,22061127.46255538,22785410.614572056,38.2
G03,3153.3385354480706,23168766.96605221,-12095660.89115301,4192293.0994308377,24124749.982207682,45.2
G08,3153.34816494002,24956739.65740863,4732534.281361312,8363644.117964583,21181244.68354071,41.4
G10,3169.3426090839785,-1452474.2464722414,17223815.779746417,20277400.205916204,22808432.472541656,37.0
G21,3153.3463478600606,15723758.12401828,1686276.429121215,21890456.589889083,21728299.889559105,37.5
G27,3153.344729708042,23129453.265345115,13297824.35473711,-2771299.682168966,22169711.71615775,34.1
G28,3153.3391297460767,5187348.034137806,25787667.18248414,-3707162.0756773227,23793525.081260633,34.8
G32,3153.34711262607,7975131.775128948,17916145.66808571,18214818.238692857,21275560.998115182,43.3
G02,3154.3422419100534,14598448.665876046,-5085852.843381293,22061481.98244444,22784951.640887767,38.2
G03,3154.338537018979,23168428.077678002,-12095174.400524184,4195468.173872184,24124279.04210475,44.6
G08,3154.348164221039,24957608.4900774,4733199.735065126,8360754.224506811,21181460.235583045,43.2
G10,3170.3426078310004,-1454631.248002789,17225145.620079592,20276071.691711623,22808808.104633592,36.2
G21,3154.34634892107,15724184.354888173,1688903.958229954,21890036.589471556,21727981.806512993,38.0
G27,3154.3447278090753,23129068.90085827,13297901.058058847,-2774425.5908863503,22170281.011379644,36.1
G28,3154.3391313300235,5187121.090956601,25788161.066844575,-3704031.2888299953,23793050.221402526,37.5
G32,3154.347111690091,7973030.4034289215,17915294.161785945,18216576.418030366,21275841.59748011,41.3
G02,3155.3422434800304,14598888.778811233,-5083202.246467784,22061836.05253253,22784480.9755576,38.2
G03,3155.338538565091,23168088.885517042,-12094687.664812177,4198643.158046126,24123815.53579458,46.8
G08,3155.3481635360513,24958477.032373726,4733864.988620086,8357864.156670595,21181665.59669822,47.9
G10,3171.3426064570667,-1456788.0324104726,17226475.50350912,20274742.750407342,22809219.998277985,34.9
G21,3155.346349998028,15724610.734396478,1691531.4000107688,21889616.14601406,21727658.94210722,35.6
G27,3155.3447259170935,23128684.1927849,13297977.613493893,-2777551.442304384,22170848.212575402,44.0
G28,3155.3391328960424,5186894.137053337,25788654.573011562,-3700900.423253884,23792580.736211482,43.3
G32,3155.3471107810037,7970928.78415778,17914442.68482016,18218334.218690034,21276114.134844437,40.0
G02,3156.3422450519865,14599329.05834845,-5080551.637156474,22062189.672800727,22784009.716920022,37.1
G03,3156.338540141005,23167749.389591098,-12094200.68395362,4201818.0520576015,24123343.094972927,41.2
G08,3156.348162846989,24959345.284223218,4734530.04203358,8354973.914626645,21181872.17932864,47.9
G10,3172.3426052040886,-1458944.600176705,17227805.43030271,20273413.381708268,22809595.630369917,36.5
G21,3156.3463510069996,15725037.262490831,1694158.754182363,21889195.259563968,21727356.459555764,41.6
G27,3156.344724026043,23128299.141113177,13298054.021091813,-2780677.236339798,22171415.134567685,48.2
G28,3156.339134486043,5186667.172367298,25789147.70099932,-3697769.478884373,23792104.06153073,43.8
G32,3156.347109818016,7968826.917522302,17913591.237306375,18220091.64049334,21276402.83111039,45.0
G02,3157.3422466670163,14599769.504501907,-5077901.015403017,22062542.843257736,22783525.545121323,34.6
G03,3157.338541710982,23167409.589952674,-12093713.457928997,4204992.855724721,24122872.434073478,34.6
G08,3157.348162154085,24960213.245584894,4735194.895337768,8352083.49843505,21182079.91367343,48.0
G10,3173.3426038770704,-1461100.9508405626,17229135.40014709,20272083.585899964,22809993.459138814,34.2
G21,3157.3463520720834,15725463.93920757,1696786.0210104221,21888773.93008109,21727037.15499441,39.8
G27,3157.3447221150855,23127913.74583725,13298130.280900547,-2783802.97286305,22171988.024534427,43.1
G28,3157.3391360710375,5186440.1968534,25789640.45078714,-3694638.4558787756,23791628.887568705,43.2
G32,3157.347108914051,7966724.803322066,17912739.819197696,18221848.683602255,21276673.83285556,42.3
G02,3158.3422482090537,14600210.117216542,-5075250.381579678,22062895.563856784,22783063.255895663,32.3
G03,3158.3385432780487,23167069.486641124,-12093225.98669995,4208167.568988693,24122402.645684924,36.3
G08,3158.3481614730554,24961080.916431192,4735859.548575499,8349192.908111087,21182284.0881738,46.3
G10,3174.342602566001,-1463257.0845557768,17230465.413107943,20270753.36288919,22810386.50654805,34.3
G21,3158.3463531190064,15725890.764498426,1699413.2002390404,21888352.15760877,21726723.29490099,39.8
G27,3158.3447202020325,23127528.006935958,13298206.39297177,-2786928.651865419,22172561.542709015,41.0
G28,3158.3391376860673,5186213.2104518395,25790132.822385963,-3691507.354193974,23791144.709294327,35.7
G32,3158.3471079650335,7964622.441812326,17911888.430632163,18223605.347797394,21276958.34106926,39.7
G02,3159.342249663081,14600650.896481778,-5072599.73579083,22063247.83458692,22782627.351399228,28.2
G03,3159.33854484302,23166729.079696488,-12092738.270229332,4211342.191783686,24121933.485504203,35.9
G08,3159.3481607880676,24961948.296707146,4736524.00176846,8346302.143761274,21182489.44928898,47.5
G10,3175.342601313023,-1465413.0013725748,17231795.46918737,20269422.712646224,22810762.138639983,32.4
G21,3159.3463541340316,15726317.738340918,1702040.2917715344,21887929.942164898,21726418.997526888,33.8
G27,3159.344718300039,23127141.924390383,13298282.35735604,-2790054.273323656,22173131.745342225,41.2
G28,3159.3391392050544,5185986.213140046,25790624.81572732,-3688376.1742913146,23790689.323879216,35.2
G32,3159.3471070540836,7962519.832855563,17911037.07158816,18225361.633188296,21277231.436840557,40.2
G02,3160.34225133399,14601091.842428159,-5069949.077292727,22063599.65554969,22782126.4273915,34.2
G03,3160.3385463870363,23166388.369165722,-12092250.308489257,4214516.723981431,24121470.607401866,33.0
G08,3160.348160098074,24962815.386370633,4737188.254948521,8343411.205449393,21182696.31112288,45.8
G10,3176.3425999589963,-1467568.7009078218,17233125.568119675,20268091.635409273,22811168.064309914,32.1
G21,3160.3463552080793,15726744.860757258,1704667.2957863323,21887507.283723142,21726097.005632002,31.7
G27,3160.3447163910605,23126755.49819347,13298358.174101818,-2793179.837116989,22173704.04200157,40.2
G28,3160.3391408030875,5185759.2048267,25791116.43089098,-3685244.9156891564,23790210.24106842,39.6
G32,3160.347106156056,7960416.976541095,17910185.742136523,18227117.53969431,21277500.65866351,38.9
G02,3161.342252926086,14601532.954921326,-5067298.406933916,22063951.026635215,22781649.130978584,36.9
G03,3161.338547979016,23166047.355065584,-12091762.101409515,4217691.165732296,24120993.35032012,33.9
G08,3161.3481594080804,24963682.185384825,4737852.3081512675,8340520.093221677,21182903.17295678,44.6
G10,3177.3425986840157,-1469724.1835093703,17234455.710090417,20266760.130965035,22811550.29258415,38.0
G21,3161.346356161055,15727172.131653879,1707294.2117495975,21887084.182371743,21725811.310190015,37.0
G27,3161.3447144650854,23126368.72833499,13298433.843258416,-2796305.343149723,22174281.434124492,44.6
G28,3161.3391423660796,5185532.185485762,25791607.66781459,-3682113.5788113065,23789741.663288698,41.3
G32,3161.3471051900415,7958313.87307639,17909334.442395218,18228873.06713691,21277790.262340788,41.7
G02,3162.342254496063,14601974.233982319,-5064647.724628592,22064301.947857726,22781178.465648413,35.4
G03,3162.3385495160474,23165706.037471645,-12091273.649003394,4220865.516641198,24120532.566243913,36.8
G08,3162.3481586719863,24964548.693668608,4738516.16137841,8337628.807272192,21183123.855363134,41.8
G10,3178.34259734198,-1471879.4488218548,17235785.894851245,20265428.199534472,22811952.623509225,33.1
G21,3162.346357243019,15727599.551121,1709921.0402576895,21886660.63801699,21725486.945065513,36.5
G27,3162.344712538994,23125981.614794392,13298509.364877054,-2799430.7914102785,22174858.86114785,45.1
G28,3162.3391439020634,5185305.1550643165,25792098.526495695,-3678982.1636992143,23789281.18241001,38.1
G32,3162.347104224027,7956210.522355018,17908483.172355793,18230628.215599038,21278079.866018068,37.3
G02,3163.3422560089966,14602415.679591777,-5061997.030533825,22064652.41919928,22780724.90153163,39.1
G03,3163.338551071007,23165364.41639948,-12090784.951198496,4224039.776871066,24120066.407500647,41.6
G08,3163.348157984088,24965414.911262475,4739179.814725055,8334737.347389063,21183330.0889892,41.0
G10,3179.342595976079,-1474034.4968981706,17237116.12240561,20264095.84108654,22812362.10902357,33.1
G21,3163.3463582430268,15728027.11905181,1712547.7806960493,21886236.65076031,21725187.14984759,31.5
G27,3163.3447106200038,23125594.15755508,13298584.739007818,-2802556.181856789,22175434.159244645,42.4
G28,3163.3391455130186,5185078.1134873405,25792589.006978076,-3675850.6701001287,23788798.225650873,35.8
G32,3163.3471033050446,7954106.924315075,17907631.9320274,18232382.985126756,21278355.36991941,34.3
G02,3164.342257592012,14602857.291801788,-5059346.324377345,22065002.4406987,22780250.32735268,41.2
G03,3164.338552609086,23165022.491901375,-12090296.007975057,4227213.946243014,24119605.30932052,45.2
G08,3164.3481572649907,24966280.838056527,4739843.268170724,8331845.7138625905,21183545.67593197,42.0
G10,3180.342594687012,-1476189.3279150315,17238446.392833423,20262763.055513494,22812748.560250506,33.5
G21,3164.3463592820335,15728454.83548136,1715174.433321626,21885812.220562544,21724875.662983783,35.8
G27,3164.344708697987,23125206.3566069,13298659.96570002,-2805681.5143932635,22176010.364752762,41.4
G28,3164.3391470370116,5184851.060740044,25793079.109176017,-3672719.098587732,23788341.339517042,37.5
G32,3164.3471023410093,7952003.079187073,17906780.72153773,18234137.375522032,21278644.380289286,36.9
G02,3165.34225916001,14603299.070570862,-5056695.606449084,22065352.01232043,22779780.255329914,43.5
G03,3165.3385541780153,23164680.264001522,-12089806.819272783,4230388.024840143,24119134.96252499,45.0
G08,3165.348156566033,24967146.474054065,4740506.521781865,8328953.906605074,21183755.225099403,41.4
G10,3181.3425933050457,-1478343.9414661964,17239776.70585491,20261429.843067985,22813162.862024948,32.9
G21,3165.346360317082,15728882.700374613,1717800.9979611742,21885387.347454023,21724565.36273478,36.8
G27,3165.344706746051,23124818.211946245,13298735.04500167,-2808806.788871257,22176595.539672796,40.2
G28,3165.3391486050095,5184623.996741261,25793568.833147407,-3669587.4488184815,23787871.261018597,33.0
G32,3165.347101399093,7949898.986866786,17905929.540878773,18235891.386866298,21278926.759576425,38.5
G02,3166.3422607140383,14603741.015895387,-5054044.876810983,22065701.134059142,22779314.371359404,42.9
G03,3166.338555706083,23164337.732764848,-12089317.385090146,4233562.012366434,24118676.865782324,47.4
G08,3166.3481558720814,24968011.819200847,4741169.575580757,8326061.925721031,21183963.27354811,40.3
G10,3182.342592058005,-1480498.3380024498,17241107.061719064,20260096.20347275,22813536.71419467,32.8
G21,3166.3463613350177,15729310.713709258,1720427.474519474,21884962.031452477,21724260.192849793,40.8
G27,3166.3447048070375,23124429.723542668,13298809.976965696,-2811932.0053603076,22177176.84064449,35.4
G28,3166.3391579960007,5184396.9196729055,25794058.18269107,-3666455.696497037,23785055.908156335,23.5
G32,3166.3471004529856,7947794.647446254,17905078.390122276,18237645.01907695,21279210.395279232,37.8
G02,3167.342262278078,14604183.127781961,-5051394.13546399,22066049.8059175,22778845.48595144,47.5
G03,3167.338557274081,23163994.89820423,-12088827.7053506,4236735.909009934,24118206.79819028,44.0
G08,3167.3481551620644,24968876.87343746,4741832.429586142,8323169.771332182,21184176.13825692,43.7
G10,3183.342590696062,-1482652.5169453537,17242437.460039515,20258762.137087386,22813945.013094213,33.1
G21,3167.346362391021,15729738.875492206,1723053.8630810329,21884536.272546556,21723943.610522404,42.1
G27,3167.3447028920054,23124040.891377963,13298884.76164274,-2815057.163830618,22177750.95212648,31.6
G32,3167.347099483013,7945690.061004051,17904227.269334108,18239398.272083092,21279501.185571317,38.4
G02,3168.34226383199,14604625.406217663,-5048743.382526038,22066398.0278828,22778379.636881366,43.3
G03,3168.3385587789817,23163651.760395363,-12088337.78006809,4239909.714375249,24117755.64663427,33.8
G08,3168.348154474981,24969741.63675655,4742495.0838559745,8320277.443386479,21184382.127579935,38.0
G10,3184.342589408043,-1484806.4786611162,17243767.901013423,20257427.643686507,22814331.150217224,31.4
G21,3168.346363413031,15730167.185675908,1725680.1633960055,21884110.070779074,21723637.21912218,46.2
G27,3168.344701016089,23123651.715432078,13298959.399084179,-2818182.264265071,22178313.337062147,30.3
G28,3168.339161121985,5183942.735005552,25795035.7393261,-3660192.0069928337,23784118.7525969,23.5
G32,3168.3470985849854,7943585.227375314,17903376.17848204,18241151.14601626,21279770.407394275,42.0
G02,3169.342265394982,14605067.851206942,-5046092.61801074,22066745.799956027,22777911.06557732,45.8
G03,3169.3385603320785,23163308.319340564,-12087847.609151274,4243083.428747208,24117290.046297967,30.5
G08,3169.3481537280604,24970606.109045446,4743157.538367928,8317384.942184098,21184606.05572678,36.6
G10,3185.3425880910363,-1486960.2228882024,17245098.384449817,20256092.723433908,22814725.977548674,34.4
G21,3169.346364443074,15730595.644261653,1728306.3755141539,21883683.426144306,21723328.419591904,44.7
G27,3169.344699161011,23123262.195698407,13299033.889338143,-2821307.3065422256,22178869.47481986,33.0
G28,3169.339162715012,5183715.625519155,25795523.950251702,-3657060.0453343866,23783641.170504823,30.5
G32,3169.347097655991,7941480.146813606,17902525.117702868,18242903.640659623,21280048.91273307,39.1
G02,3170.3422669180436,14605510.462724064,-5043441.8421125505,22067093.12211449,22777454.465122648,44.4
G03,3170.33856188599,23162964.575096644,-12087357.192586495,4246257.051907047,24116824.201658618,32.1
G08,3170.3481529899873,24971470.29032238,4743819.793200098,8314492.267587179,21184827.331440542,37.5
G10,3186.3425867800834,-1489113.7496615192,17246428.91034127,20254757.37630932,22815118.990057472,33.4
G21,3170.346365444013,15731024.251216784,1730932.4992774883,21883256.338670254,21723028.345170494,40.3
G27,3170.344697177061,23122872.332221307,13299108.232443621,-2824432.2901298334,22179464.247359652,37.5
G28,3170.3391564630438,5183488.506315157,25796011.779072378,-3653928.0304609914,23785515.458958868,38.7
G32,3170.3470967140747,7939374.819318021,17901674.08703042,18244655.756008435,21280331.292020205,38.8
G02,3171.3422684700927,14605953.240795469,-5040791.05471331,22067439.99437645,22776989.174459543,38.0
G03,3171.3385633539874,23162620.52773385,-12086866.530379768,4249430.583511134,24116384.113540653,32.1
G08,3171.348152267048,24972334.180551745,4744481.848388836,8311599.419638282,21185044.07009768,34.4
G10,3187.3425854790257,-1491267.058949167,17247759.478638817,20253421.602334123,22815509.036029257,34.9
G21,3171.3463664540322,15731453.00654093,1733558.5347256484,21882828.808352787,21722725.548515122,38.8
G27,3171.3446952369995,23122482.124919564,13299182.428463431,-2827557.2155034267,22180045.86243527,41.1
G28,3171.339158019051,5183261.373786915,25796499.233417958,-3650795.913413609,23785048.975205276,37.5
G32,3171.3470957570244,7937269.244930052,17900823.08651585,18246407.492022447,21280618.20836395,40.7
G02,3172.342269988032,14606396.185389085,-5038140.256045006,22067786.41671437,22776534.10962403,37.0
G03,3172.338564967038,23162276.17721335,-12086375.622380747,4252604.024224063,24115900.53948008,32.5
G08,3172.348151565995,24973197.77969822,4745143.703971268,8308706.398378658,21185254.247472957,35.9
G10,3188.3425841489807,-1493420.1506273309,17249090.089236636,20252085.40158676,22815907.77220948,36.1
G21,3172.3463674670784,15731881.910214739,1736184.481782427,21882400.83520668,21722421.844448425,35.0
G27,3172.34469329298,23122091.573798046,13299256.477443751,-2830682.082449127,22180628.664125692,38.9
G28,3172.339159583091,5183034.22965442,25796986.309475694,-3647663.7186882216,23784580.08332164,41.5
G32,3172.3470948110335,7935163.423631662,17899972.116186023,18248158.84871117,21280901.809166327,40.4
G02,3173.342271603062,14606839.296559013,-5035489.445824208,22068132.389168005,22776049.93782533,35.0
G03,3173.338566531078,23161931.52364238,-12085884.46864808,4255777.37336158,24115431.658502843,31.8
G08,3173.348150887061,24974061.087720957,4745805.359979714,8305813.203868389,21185457.79376549,38.3
G10,3189.342582866084,-1495573.0248196665,17250420.74218197,20250748.773992013,22816292.37371333,38.2
G21,3173.346368530998,15732310.962241994,1738810.3405127046,21881972.419223595,21722102.88889142,33.5
G27,3173.344691407052,23121700.678818546,13299330.379439233,-2833806.891096464,22181194.05049881,37.3
G28,3173.339161160984,5182807.073864477,25797473.00724229,-3644531.4463332207,23784107.03828618,42.2
G32,3173.3470938690007,7933057.355474656,17899121.17609624,18249909.82602577,21281184.223353896,40.6
G02,3174.342273043003,14607282.57418051,-5032838.624837059,22068477.911637597,22775618.256281585,33.8
G03,3174.3385679679923,23161586.567088503,-12085393.069183439,4258950.630607449,24115000.88880115,33.5
G08,3174.348150181002,24974924.104536325,4746466.81641433,8302919.836310746,21185669.471859485,41.6
G10,3190.342581577017,-1497725.6813711077,17251751.43734978,20249411.71964768,22816678.82494026,43.5
G21,3174.346369520994,15732740.162552355,1741436.1105285273,21881543.560469203,21721806.095110953,33.6
G27,3174.3446894520894,23121309.440016996,13299404.134490276,-2836931.640983836,22181780.13283017,41.2
G28,3174.3391627470264,5182579.906367078,25797959.326708738,-3641399.0964330616,23783631.550220232,42.3
G32,3174.3470929469913,7930951.040462365,17898270.266281966,18251660.423957996,21281460.634666562,49.9
G02,3175.34227465,14607726.018401107,-5030187.79224113,22068822.98423573,22775136.49261293,33.0
G03,3175.338569596992,23161241.307482056,-12084901.423793353,4262123.796906212,24114512.533380914,34.2
G08,3175.348149470985,24975786.830123276,4747128.0733228875,8300026.295699496,21185882.336568292,41.7
G10,3191.3425802499987,-1499878.1201732242,17253082.17464367,20248074.238622792,22817076.65370916,40.5
G21,3175.346370564075,15733169.511183564,1744061.7921025818,21881114.258901253,21721493.386731904,35.4
G27,3175.344687524019,23120917.857341897,13299477.74265415,-2840056.3323466284,22182358.153160926,40.0
G28,3175.339164309087,5182352.727118104,25798445.267853238,-3638266.669155012,23783163.251643997,43.3
G32,3175.3470920029795,7928844.478720217,17897419.3868282,18253410.64239793,21281743.642161533,51.6
G02,3176.3422761410475,14608169.62909124,-5027536.948851074,22069167.606859088,22774689.489778016,33.5
G03,3176.338571045082,23160895.74499243,-12084409.532624401,4265296.871005915,24114078.413237415,32.2
G08,3176.3481487350073,24976649.2644218,4747789.13072318,8297132.582159097,21186102.98407421,41.9
G10,3192.34257889702,-1502030.341211617,17254412.954025485,20246736.330927946,22817482.26527517,33.4
G21,3176.34637155605,15733599.008074086,1746687.3849009913,21880684.51457668,21721195.99964403,36.3
G27,3176.3446856130613,23120525.93078335,13299551.203979846,-2843180.9650899456,22182931.043127675,41.9
G28,3176.3391658850014,5182125.536056953,25798930.83068813,-3635134.164447161,23782690.79991594,44.4
G32,3176.347091061063,7926737.670234464,17896568.53776361,18255160.48135138,21282026.02144867,49.9
G02,3177.3422777580563,14608613.406354016,-5024886.094090367,22069511.779585417,22774204.724671908,32.7
G03,3177.3385726090055,23160549.879557658,-12083917.395494003,4268469.853779771,24113609.567160618,32.1
G08,3177.3481480270857,24977511.407437447,4748449.988683495,8294238.695594026,21186315.220575176,41.7
G10,3193.3425776400836,-1504182.3447085153,17255743.77560351,20245397.996426385,22817859.08398191,37.9
G21,3177.3463726100745,15734028.653255709,1749312.8891602717,21880254.327459063,21720880.010624044,41.3
G27,3177.344683704083,23120133.66033351,13299624.51851612,-2846305.5391021115,22183503.339787014,40.0
G28,3177.3391674340237,5181898.33314153,25799416.015187457,-3632001.5825037635,23782226.410188477,42.6
G32,3177.3470901160035,7924630.61505336,17895717.719141755,18256909.94077288,21282309.34304756,51.5
G02,3178.3422793350182,14609057.350111715,-5022235.228463385,22069855.50235191,22773731.96531561,36.1
G03,3178.3385742789833,23160203.71122165,-12083425.012370119,4271642.745128343,24113108.926787093,30.9
G08,3178.3481473360443,24978373.25911954,4749110.647228793,8291344.636097423,21186522.396512996,42.1
G10,3194.3425763080595,-1506334.1302556796,17257074.63909587,20244059.23537371,22818258.413469527,30.3
G21,3178.3463736469857,15734458.446677621,1751938.304612128,21879823.69759467,21720569.151968073,43.7
G27,3178.344681737013,23119741.04600201,13299697.68630878,-2849430.054131135,22184093.051763665,37.0
G28,3178.3391690159915,5181671.118306644,25799900.82137415,-3628868.923203996,23781752.143637773,42.4
G32,3178.3470891780453,7922523.313192169,17894866.931003217,18258659.02064397,21282590.535719886,49.1
G02,3179.342280882993,14609501.460365007,-5019584.352005525,22070198.775156815,22773267.896167744,38.5
G03,3179.338575749076,23159857.24013085,-12082932.383366933,4274815.544012566,24112668.210461292,38.1
G08,3179.3481466120575,24979234.81938407,4749771.106358968,8288450.403874286,21186739.449274056,43.8
G10,3195.342574996059,-1508485.6980176084,17258405.544575002,20242720.04766923,22818651.74008225,36.6
G21,3179.346374660032,15734888.388320092,1754563.6311782124,21879392.624998655,21720265.44790138,47.1
G27,3179.344679814065,23119348.08773505,13299770.707415076,-2852554.510431965,22184669.53647526,40.1
G28,3179.339170583058,5181443.891511787,25800385.249218874,-3625736.1867643516,23781282.344342813,40.1
G32,3179.3470882360125,7920415.764711538,17894016.17340661,18260407.72090879,21282872.949907456,48.3
G02,3180.3422824590234,14609945.737135079,-5016933.464630057,22070541.598014127,22772795.416014925,40.3
G03,3180.338577285991,23159510.466233533,-12082439.508316383,4277988.25121029,24112207.46128552,33.9
G08,3180.3481459000614,24980096.08822876,4750431.366136079,8285555.998855368,21186952.90729027,43.3
G10,3196.3425736740464,-1510637.0478895754,17259736.49194682,20241380.433379717,22819048.068132423,38.5
G21,3180.346375680063,15735318.478179514,1757188.8688791944,21878961.109669976,21719959.649808552,45.8
G27,3180.344677891,23118954.78553619,13299843.581881743,-2855678.907802089,22185246.0560873,42.0
G28,3180.339172159089,5181216.652699597,25800869.298727173,-3622603.3731766823,23780809.857714318,39.8
G32,3180.3470872910693,7918307.969646247,17893165.44640007,18262156.041533064,21283156.236605916,47.8
G02,3181.3422839919804,14610390.180386126,-5014282.5665901005,22070883.970893886,22772335.849023238,39.4
G03,3181.338578808005,23159163.38959875,-12081946.387221891,4281160.866393852,24111751.179365493,30.8
G08,3181.3481451889966,24980957.065603063,4751091.426585453,8282661.421133472,21187166.08610299,37.5
G10,3197.3425723740365,-1512788.1799001563,17261067.481199823,20240040.39248887,22819437.80000029,38.5
G21,3181.3463766979985,15735748.71623514,1759814.0176307266,21878529.1516248,21719654.479923565,42.5
G27,3181.3446759710787,23118561.139390357,13299916.309759028,-2858803.2461873107,22185821.633387577,38.9
G28,3181.3391737320926,5180989.401821615,25801352.96988707,-3619470.48254519,23780338.27849715,40.9
G32,3181.3470863440307,7916199.928031492,17892314.750032105,18263903.982481882,21283440.15151221,47.5
G02,3182.342285520048,14610834.790130945,-5011631.657848857,22071225.89380362,22771877.747849837,40.3
G03,3182.338580376003,23158816.010245785,-12081453.020017134,4284333.389688044,24111281.111773454,31.6
G08,3182.348144442076,24981817.751434382,4751751.287715045,8279766.670875933,21187390.01424984,42.1
G10,3198.342571055051,-1514939.0939213494,17262398.512225274,20238699.92507823,22819833.220639136,42.9
G21,3182.3463777339784,15736179.102478797,1762439.077425077,21878096.750866678,21719343.90047108,44.6
G27,3182.3446740260115,23118167.149294965,13299988.891094787,-2861927.5254349145,22186404.74918192,35.2
G28,3182.3391753000906,5180762.138826398,25801836.262691654,-3616337.514942684,23779868.199998703,39.2
G32,3182.3470853960607,7914091.639901898,17891464.08435089,18265651.54372101,21283724.345621984,52.2
G02,3183.342287098989,14611279.566390079,-5008980.738323251,22071567.366756815,22771404.395186134,40.9
G03,3183.3385818710085,23158468.328256678,-12080959.406724056,4287505.820647042,24110832.926754456,30.7
G08,3183.3481437480077,24982678.14575801,4752410.949616224,8276871.747886743,21187598.097598985,41.4
G10,3199.342569751083,-1517089.7899859352,17263729.585014306,20237359.031128846,22820224.13912181,47.4
G21,3183.3463787450455,15736609.6368751,1765064.0480891075,21877663.90742646,21719040.78971179,44.7
G27,3183.344672085019,23117772.815224793,13300061.325941091,-2865051.745571842,22186986.64346102,35.8
G28,3183.3391768750735,5180534.863659626,25802319.177140657,-3613204.47039822,23779396.02747413,36.0
G32,3183.34708445007,7911983.105288608,17890613.449403025,18267398.725219198,21284007.946424365,50.5
G02,3184.3422886240296,14611724.509112742,-5006329.808355367,22071908.389712114,22770947.20142406,40.9
G03,3184.3385833490174,23158120.34365271,-12080465.547278319,4290678.159380139,24110389.837199036,30.8
G08,3184.348143026,24983538.24846349,4753070.412268005,8273976.652460617,21187814.557052646,41.5
G10,3200.3425684369868,-1519240.2679998707,17265060.69947929,20236017.710701045,22820618.09394237,48.2
G21,3184.3463797620498,15737040.31942044,1767688.9296432962,21877230.62130307,21718735.899030283,45.4
G27,3184.344670161023,23117378.137160942,13300133.614348948,-2868175.906574123,22187563.442276537,34.5
G28,3184.3391784010455,5180307.576282779,25802801.71320097,-3610071.3491538796,23778938.54803289,35.8
G32,3184.3470835069893,7909874.32422655,17889762.845236927,18269145.5269418,21284290.67471585,49.2
G02,3185.3422901959857,14612169.618339533,-5003678.867742641,22072248.962698374,22770475.942786485,39.9
G03,3185.3385848540347,23157772.05645919,-12079971.441621633,4293850.405958573,24109938.65074259,29.8
G08,3185.348142297007,24984398.059527803,4753729.675717164,8271081.3845977085,21188033.110532437,37.4
G10,3201.342567123007,-1521390.5279451124,17266391.855579685,20234675.963807724,22821012.013862494,50.7
G21,3185.3463807890657,15737471.150099698,1770313.7220378611,21876796.892507028,21718428.00691133,45.6
G27,3185.3446682440117,23116983.115093693,13300205.756367473,-2871300.0083461464,22188138.14706593,39.2
G28,3185.339187805075,5180080.274842169,25803283.87468728,-3606938.1264389465,23776119.28632186,28.9
G32,3185.347082553082,7907765.296782107,17888912.271913312,18270891.94882853,21284576.64874784,50.9
G02,3186.3422917370917,14612614.894031571,-5001027.916755768,22072589.085683554,22770013.932764314,43.3
G03,3186.33858648804,23157423.466681145,-12079477.089667017,4297022.560637453,24109448.79460363,31.3
G08,3186.3481416080613,24985257.578950517,4754388.740026885,8268185.944222643,21188239.658262417,40.4
G10,3202.3425658000633,-1523540.569762078,17267723.053249247,20233333.790487725,22821408.621116146,49.8
G21,3186.3463818070013,15737902.128887713,1772938.4251623163,21876362.721058898,21718122.837026346,46.6
G27,3186.3446663250215,23116587.7490129,13300277.75204599,-2874424.050795553,22188713.44516272,39.0
G28,3186.339189385064,5179852.962855302,25803765.654022656,-3603804.851517755,23775645.61307856,26.4
G32,3186.347081621061,7905656.022923154,17888061.72945357,18272637.99090025,21284856.061497957,51.8
G02,3187.3422932940302,14613060.336205434,-4998376.955335419,22072928.75867802,22769547.176282912,47.1
G08,3187.34814086603,24986116.806610577,4755047.605168526,8265290.331665961,21188462.120590977,40.0
G10,3203.3425644900417,-1525690.3934578318,17269054.292462923,20231991.19073831,22821801.354421467,52.3
G21,3187.3463828309905,15738333.255774109,1775563.0389957577,21875928.106964417,21717815.85231871,48.7
G27,3187.3446644010255,23116192.03890597,13300349.601434425,-2877548.0338485567,22189290.24397824,41.1
G32,3187.3470806720434,7903546.502768895,17887211.2179399,18274383.653052796,21285140.569711655,50.7
G02,3188.342294833041,14613505.944841817,-4995725.983635574,22073267.981664773,22769085.794468578,47.1
G03,3188.3385974389967,23156725.3769849,-12078487.643106058,4303366.617165248,24106165.793185867,26.1
G08,3188.348140142043,24986975.74252817,4755706.271221607,8262394.546782486,21188679.17335204,41.5
G10,3204.3425631669816,-1527839.9989363384,17270385.573131975,20230648.164621007,22822197.99657556,49.4
G21,3188.34638385009,15738764.530737234,1778187.563449076,21875493.05024065,21717510.33342937,48.1
G27,3188.344662453048,23115795.98476681,13300421.304581277,-2880671.9573815577,22189874.232283466,40.0
G32,3188.3470797310583,7901436.736303824,17886360.73740004,18276128.935293593,21285422.669795305,49.7
G02,3189.342296398012,14613951.719955917,-4993075.001604692,22073606.75465319,22768616.629857134,49.4
G08,3189.348139423062,24987834.38665117,4756364.738210169,8259498.589670806,21188894.725394376,43.3
G10,3205.342561853002,-1529989.3862052504,17271716.895231664,20229304.712132774,22822591.916495685,49.5
G21,3189.346384868026,15739195.953761736,1780811.9984717444,21875057.550898295,21717205.163544387,49.9
G27,3189.3446605650242,23115399.586548574,13300492.861542447,-2883795.8215923887,22190440.246864427,40.6
G28,3189.339186172001,5179170.954239772,25805208.71788568,-3594404.5920204925,23776608.8514989,31.5
G32,3189.3470787780825,7899326.723607428,17885510.287900113,18277873.83755146,21285708.364623807,50.3
G02,3190.342297943076,14614397.66152306,-4990424.009428658,22073945.07762222,22768153.433220156,49.4
G08,3190.348138728994,24988692.73895575,4757023.00617959,8256602.460334135,21189102.808743518,40.6
G10,3206.3425605470547,-1532138.5552223204,17273048.258706387,20227960.83330169,22822983.428285755,45.8
G21,3190.346385881072,15739627.524829065,1783436.3439934114,21874621.608951308,21716901.459477693,47.7
G27,3190.344658609014,23115002.844288122,13300564.272359094,-2886919.6260170825,22191026.643299703,37.1
G28,3190.3391878290568,5178943.592421386,25805688.983693175,-3591271.0106439767,23776112.074167315,37.6
G32,3190.347077835002,7897216.464670381,17884659.869470745,18279618.35982833,21285991.092915297,46.2
G02,3191.342299491982,14614843.769549532,-4987773.007109071,22074282.950574424,22767689.084868804,50.0
G03,3191.338602032978,23155675.978537586,-12077001.631444806,4312881.970398838,24104788.571321268,22.8
G08,3191.3481379930163,24989550.79934361,4757681.075118923,8253706.1590268025,21189323.45624944,40.7
G10,3207.3425592250424,-1534287.505895568,17274379.663469866,20226616.52818684,22823379.75633593,44.8
G21,3191.3463869059924,15740059.243929515,1786060.5999975144,21874185.22440471,21716594.195566572,44.8
G27,3191.344656681991,23114605.75793361,13300635.537087705,-2890043.3708942356,22191604.349526543,35.4
G28,3191.339189396007,5178716.218040978,25806168.871050544,-3588137.3531627953,23775642.30977279,38.4
G32,3191.347076883074,7895105.959569719,17883809.482176837,18281362.50205527,21286276.473639883,46.7
G02,3192.342301038094,14615290.044028,-4985121.994728198,22074620.373502064,22767225.57412791,48.7
G08,3192.3481372640235,24990408.56781579,4758338.945092932,8250809.685668081,21189542.009729225,41.1
G10,3208.342557906988,-1536436.23822824,17275711.109494545,20225271.796787996,22823774.897771295,45.9
G21,3192.346387927071,15740491.111039277,1788684.7663826877,21873748.397277698,21716288.08336983,43.3
G27,3192.344654749031,23114208.327485036,13300706.655776205,-2893167.0560504105,22192183.835675597,34.1
G28,3192.3391909489874,5178488.831029758,25806648.379988447,-3585003.6194050172,23775176.733430523,35.3
G32,3192.347075941041,7892995.208302914,17882959.12605162,18283106.264228746,21286558.887827452,47.1
G02,3193.3423025869997,14615736.484956678,-4982470.9723355975,22074957.346401554,22766761.225776557,44.4
G03,3193.338605065015,23154974.868038855,-12076009.724812355,4319225.075643776,24103879.602226067,25.2
G08,3193.3481365590123,24991266.044346035,4758996.616145175,8247913.04026955,21189753.3737193,42.6
G10,3209.3425566160586,-1538584.7522300836,17277042.596757058,20223926.6391007,22824161.907405198,45.5
G21,3193.3463889460545,15740923.126142168,1791308.8430927275,21873311.127581853,21715982.599380925,44.8
G27,3193.344652827014,23113810.552922223,13300777.6284755,-2896290.6814740123,22192760.04118371,40.0
G28,3193.339192530024,5178261.43132652,25807127.510521125,-3581869.8093055794,23774702.746083304,37.9
G32,3193.3470749780536,7890884.210972507,17882108.80117031,18284849.64625875,21286847.584093407,45.7
G02,3194.3423041420756,14616183.092332685,-4979819.939986976,22075293.869268555,22766295.027702123,43.7
G03,3194.3386066689854,23154623.859417398,-12075513.401680933,4322396.489296021,24103398.750399463,32.7
G08,3194.3481358380523,24992123.22885914,4759654.088282221,8245016.223007735,21189969.519069046,48.1
G10,3210.342555267038,-1540733.0476778382,17278374.125089716,20222581.055266317,22824566.332356397,38.3
G21,3194.346389965038,15741355.289222058,1793932.8300729892,21872873.415328633,21715677.115392018,44.4
G27,3194.344650915009,23113412.434231803,13300848.455235774,-2899414.2470977954,22193333.24525438,40.6
G28,3194.339194080094,5178034.018893059,25807606.262614433,-3578735.9231160847,23774238.042251922,34.2
G32,3194.3470740420744,7888772.967514202,17881258.50754132,18286592.64819267,21287128.183458332,47.0
