,utcTimeMillis,TimeNanos,LeapSecond,TimeUncertaintyNanos,FullBiasNanos,BiasNanos,BiasUncertaintyNanos,DriftNanosPerSecond,DriftUncertaintyNanosPerSecond,HardwareClockDiscontinuityCount,Svid,TimeOffsetNanos,State,ReceivedSvTimeNanos,ReceivedSvTimeUncertaintyNanos,Cn0DbHz,PseudorangeRateMetersPerSecond,PseudorangeRateUncertaintyMetersPerSecond,AccumulatedDeltaRangeState,AccumulatedDeltaRangeMeters,AccumulatedDeltaRangeUncertaintyMeters,CarrierFrequencyHz,CarrierCycles,CarrierPhase,CarrierPhaseUncertainty,MultipathIndicator,SnrInDb,ConstellationType,AgcDb,BasebandCn0DbHz,FullInterSignalBiasNanos,FullInterSignalBiasUncertaintyNanos,SatelliteInterSignalBiasNanos,SatelliteInterSignalBiasUncertaintyNanos,CodeType,ChipsetElapsedRealtimeNanos,Constellation,SvName
0,1713027078417,332296412000000,18,0.0,-1396730000005342789,-0.7691726684570312,34.25081740715541,-137.1602544876685,18.58010122864439,6,02,0.0,16399,579096340796082,11,43.0,-505.6047058105469,0.05019833892583847,16,0.0,0.0,1575420030,,,,0,0.0,1,-57.65,38.0,0.0,0.0,,,C,338292111201719,G,G02
1,1713027078417,332296412000000,18,0.0,-1396730000005342789,-0.7691726684570312,34.25081740715541,-137.1602544876685,18.58010122864439,6,03,0.0,16399,579096337091455,12,42.0,-504.386474609375,0.025497570633888245,16,0.0,0.0,1575420030,,,,0,0.0,1,-57.65,37.0,0.0,0.0,,,C,338292111201719,G,G03
2,1713027078417,332296412000000,18,0.0,-1396730000005342789,-0.7691726684570312,34.25081740715541,-137.1602544876685,18.58010122864439,6,08,0.0,16399,579096346848812,7,47.8,165.79957580566406,0.0387054942548275,16,0.0,0.0,1575420030,,,,0,0.0,1,-57.65,42.8,0.0,0.0,,,C,338292111201719,G,G08
3,1713027078417,332296412000000,18,0.0,-1396730000005342789,-0.7691726684570312,34.25081740715541,-137.1602544876685,18.58010122864439,6,10,0.0,16399,579096341328621,16,39.0,355.62664794921875,0.05640523508191109,16,0.0,0.0,1575420030,,,,0,0.0,1,-57.65,34.0,0.0,0.0,,,C,338292111201719,G,G10
4,1713027078417,332296412000000,18,0.0,-1396730000005342789,-0.7691726684570312,34.25081740715541,-137.1602544876685,18.58010122864439,6,21,0.0,16399,579096344933593,10,44.3,-348.5203857421875,0.043399106711149216,16,0.0,0.0,1575420030,,,,0,0.0,1,-57.65,39.3,0.0,0.0,,,C,338292111201719,G,G21
5,1713027078417,332296412000000,18,0.0,-1396730000005342789,-0.7691726684570312,34.25081740715541,-137.1602544876685,18.58010122864439,6,27,0.0,16399,579096343483341,9,45.2,533.8138427734375,0.04430919513106346,16,0.0,0.0,1575420030,,,,0,0.0,1,-57.65,40.2,0.0,0.0,,,C,338292111201719,G,G27
6,1713027078417,332296412000000,18,0.0,-1396730000005342789,-0.7691726684570312,34.25081740715541,-137.1602544876685,18.58010122864439,6,28,0.0,16399,579096337684715,24,35.5,-510.6150207519531,0.527999997138977,16,0.0,0.0,1575420030,,,,0,0.0,1,-57.65,30.5,0.0,0.0,,,C,338292111201719,G,G28
7,1713027078417,332296412000000,18,0.0,-1396730000005342789,-0.7691726684570312,34.25081740715541,-137.1602544876685,18.58010122864439,6,32,0.0,16399,579096345809951,9,45.6,236.67388916015625,0.04130919650197029,16,0.0,0.0,1575420030,,,,0,0.0,1,-57.65,40.6,0.0,0.0,,,C,338292111201719,G,G32
33,1713027078417,332296412000000,18,0.0,-1396730000005342789,-0.7691726684570312,34.25081740715541,-137.1602544876685,18.58010122864439,6,03,0.0,81935,579096337099246,8,32.3,-503.9033203125,3.8995773792266846,16,0.0,0.0,1176450050,,,,0,0.0,1,-38.83,27.299999999999997,-7861.54052734375,6.015102386474609,,,Q,338292111201719,G,G03
34,1713027078417,332296412000000,18,0.0,-1396730000005342789,-0.7691726684570312,34.25081740715541,-137.1602544876685,18.58010122864439,6,08,0.0,81935,579096346856653,7,34.7,166.0158233642578,0.09900851547718048,16,0.0,0.0,1176450050,,,,0,0.0,1,-38.83,29.700000000000003,-7861.54052734375,6.015102386474609,,,Q,338292111201719,G,G08
35,1713027078417,332296412000000,18,0.0,-1396730000005342789,-0.7691726684570312,34.25081740715541,-137.1602544876685,18.58010122864439,6,27,0.0,81935,579096343491200,8,33.7,532.78173828125,0.6360000371932983,16,0.0,0.0,1176450050,,,,0,0.0,1,-38.83,28.700000000000003,-7861.54052734375,6.015102386474609,,,Q,338292111201719,G,G27
36,1713027078417,332296412000000,18,0.0,-1396730000005342789,-0.7691726684570312,34.25081740715541,-137.1602544876685,18.58010122864439,6,32,0.0,81935,579096345817816,14,27.8,237.5379638671875,1.0190000534057617,16,0.0,0.0,1176450050,,,,0,0.0,1,-38.83,22.8,-7861.54052734375,6.015102386474609,,,Q,338292111201719,G,G32
53,1713027079417,332297412000000,18,0.0,-1396730000005342923,-0.7902164459228516,31.070892873685807,-136.72249487588638,17.17603654932611,6,02,0.0,16399,579097340797767,9,45.2,-505.4778747558594,0.048809196799993515,16,0.0,0.0,1575420030,,,,0,0.0,1,-56.0,40.2,0.0,0.0,,,C,338293119580989,G,G02
54,1713027079417,332297412000000,18,0.0,-1396730000005342923,-0.7902164459228516,31.070892873685807,-136.72249487588638,17.17603654932611,6,03,0.0,16399,579097337093142,11,43.4,-504.374755859375,0.02469833754003048,16,0.0,0.0,1575420030,,,,0,0.0,1,-56.0,38.4,0.0,0.0,,,C,338293119580989,G,G03
55,1713027079417,332297412000000,18,0.0,-1396730000005342923,-0.7902164459228516,31.070892873685807,-136.72249487588638,17.17603654932611,6,08,0.0,16399,579097346848258,6,49.8,165.98670959472656,0.037792082875967026,16,0.0,0.0,1575420030,,,,0,0.0,1,-56.0,44.8,0.0,0.0,,,C,338293119580989,G,G08
56,1713027079417,332297412000000,18,0.0,-1396730000005342923,-0.7902164459228516,31.070892873685807,-136.72249487588638,17.17603654932611,6,10,0.0,16399,579097341327440,13,41.7,355.7349548339844,0.05039195343852043,16,0.0,0.0,1575420030,,,,0,0.0,1,-56.0,36.7,0.0,0.0,,,C,338293119580989,G,G10
57,1713027079417,332297412000000,18,0.0,-1396730000005342923,-0.7902164459228516,31.070892873685807,-136.72249487588638,17.17603654932611,6,21,0.0,16399,579097344934759,8,46.7,-348.3982849121094,0.04220025613903999,16,0.0,0.0,1575420030,,,,0,0.0,1,-56.0,41.7,0.0,0.0,,,C,338293119580989,G,G21
58,1713027079417,332297412000000,18,0.0,-1396730000005342923,-0.7902164459228516,31.070892873685807,-136.72249487588638,17.17603654932611,6,27,0.0,16399,579097343481574,7,47.7,533.9739990234375,0.043205492198467255,16,0.0,0.0,1575420030,,,,0,0.0,1,-56.0,42.7,0.0,0.0,,,C,338293119580989,G,G27
59,1713027079417,332297412000000,18,0.0,-1396730000005342923,-0.7902164459228516,31.070892873685807,-136.72249487588638,17.17603654932611,6,28,0.0,16399,579097337686387,19,37.8,-510.6340637207031,0.4580000042915344,16,0.0,0.0,1575420030,,,,0,0.0,1,-56.0,32.8,0.0,0.0,,,C,338293119580989,G,G28
60,1713027079417,332297412000000,18,0.0,-1396730000005342923,-0.7902164459228516,31.070892873685807,-136.72249487588638,17.17603654932611,6,32,0.0,16399,579097345809170,8,46.8,236.8504180908203,0.04070025682449341,16,0.0,0.0,1575420030,,,,0,0.0,1,-56.0,41.8,0.0,0.0,,,C,338293119580989,G,G32
86,1713027079417,332297412000000,18,0.0,-1396730000005342923,-0.7902164459228516,31.070892873685807,-136.72249487588638,17.17603654932611,6,03,0.0,81935,579097337100933,6,36.7,-504.6493225097656,2.3760368824005127,16,0.0,0.0,1176450050,,,,0,0.0,1,-37.73,31.700000000000003,-7861.53955078125,6.015183925628662,,,Q,338293119580989,G,G03
87,1713027079417,332297412000000,18,0.0,-1396730000005342923,-0.7902164459228516,31.070892873685807,-136.72249487588638,17.17603654932611,6,08,0.0,81935,579097346856103,5,38.2,165.76292419433594,0.05711478739976883,16,0.0,0.0,1176450050,,,,0,0.0,1,-37.73,33.2,-7861.53955078125,6.015183925628662,,,Q,338293119580989,G,G08
88,1713027079417,332297412000000,18,0.0,-1396730000005342923,-0.7902164459228516,31.070892873685807,-136.72249487588638,17.17603654932611,6,27,0.0,81935,579097343489422,6,36.6,533.737060546875,6.941941261291504,16,0.0,0.0,1176450050,,,,0,0.0,1,-37.73,31.6,-7861.53955078125,6.015183925628662,,,Q,338293119580989,G,G27
89,1713027079417,332297412000000,18,0.0,-1396730000005342923,-0.7902164459228516,31.070892873685807,-136.72249487588638,17.17603654932611,6,32,0.0,81935,579097345817041,10,30.0,236.56105041503903,3.156183958053589,16,0.0,0.0,1176450050,,,,0,0.0,1,-37.73,25.0,-7861.53955078125,6.015183925628662,,,Q,338293119580989,G,G32
106,1713027080417,332298412000000,18,0.0,-1396730000005343064,-0.9638175964355468,24.969423975562677,-136.69708412843036,13.912730973709401,6,02,0.0,16399,579098340799454,11,43.0,-506.27142333984375,0.05019833892583847,16,0.0,0.0,1575420030,,,,0,0.0,1,-57.38,38.0,0.0,0.0,,,C,338294115615885,G,G02
107,1713027080417,332298412000000,18,0.0,-1396730000005343064,-0.9638175964355468,24.969423975562677,-136.69708412843036,13.912730973709401,6,03,0.0,16399,579098337094827,12,42.4,-505.0639343261719,0.025497570633888245,16,0.0,0.0,1575420030,,,,0,0.0,1,-57.38,37.4,0.0,0.0,,,C,338294115615885,G,G03
108,1713027080417,332298412000000,18,0.0,-1396730000005343064,-0.9638175964355468,24.969423975562677,-136.69708412843036,13.912730973709401,6,08,0.0,16399,579098346847715,6,48.0,165.32833862304688,0.03830587491393089,16,0.0,0.0,1575420030,,,,0,0.0,1,-57.38,43.0,0.0,0.0,,,C,338294115615885,G,G08
109,1713027080417,332298412000000,18,0.0,-1396730000005343064,-0.9638175964355468,24.969423975562677,-136.69708412843036,13.912730973709401,6,10,0.0,16399,579098341326267,16,39.7,354.9705505371094,0.05640523508191109,16,0.0,0.0,1575420030,,,,0,0.0,1,-57.38,34.7,0.0,0.0,,,C,338294115615885,G,G10
110,1713027080417,332298412000000,18,0.0,-1396730000005343064,-0.9638175964355468,24.969423975562677,-136.69708412843036,13.912730973709401,6,21,0.0,16399,579098344935914,10,44.7,-349.1448974609375,0.043399106711149216,16,0.0,0.0,1575420030,,,,0,0.0,1,-57.38,39.7,0.0,0.0,,,C,338294115615885,G,G21
111,1713027080417,332298412000000,18,0.0,-1396730000005343064,-0.9638175964355468,24.969423975562677,-136.69708412843036,13.912730973709401,6,27,0.0,16399,579098343479793,9,45.5,533.2472534179688,0.04430919513106346,16,0.0,0.0,1575420030,,,,0,0.0,1,-57.38,40.5,0.0,0.0,,,C,338294115615885,G,G27
112,1713027080417,332298412000000,18,0.0,-1396730000005343064,-0.9638175964355468,24.969423975562677,-136.69708412843036,13.912730973709401,6,28,0.0,16399,579098337688129,21,36.2,-511.4332885742188,0.49799999594688416,16,0.0,0.0,1575420030,,,,0,0.0,1,-57.38,31.200000000000003,0.0,0.0,,,C,338294115615885,G,G28
113,1713027080417,332298412000000,18,0.0,-1396730000005343064,-0.9638175964355468,24.969423975562677,-136.69708412843036,13.912730973709401,6,32,0.0,16399,579098345808372,9,45.5,236.1792755126953,0.04130919650197029,16,0.0,0.0,1575420030,,,,0,0.0,1,-57.38,40.5,0.0,0.0,,,C,338294115615885,G,G32
140,1713027080417,332298412000000,18,0.0,-1396730000005343064,-0.9638175964355468,24.969423975562677,-136.69708412843036,13.912730973709401,6,03,0.0,81935,579098337102610,9,31.9,-506.5216979980469,0.7669999599456787,16,0.0,0.0,1176450050,,,,0,0.0,1,-38.97,26.9,-7861.53955078125,6.015265464782715,,,Q,338294115615885,G,G03
141,1713027080417,332298412000000,18,0.0,-1396730000005343064,-0.9638175964355468,24.969423975562677,-136.69708412843036,13.912730973709401,6,08,0.0,81935,579098346855546,6,35.0,165.37184143066406,0.07852034270763397,16,0.0,0.0,1176450050,,,,0,0.0,1,-38.97,30.0,-7861.53955078125,6.015265464782715,,,Q,338294115615885,G,G08
142,1713027080417,332298412000000,18,0.0,-1396730000005343064,-0.9638175964355468,24.969423975562677,-136.69708412843036,13.912730973709401,6,27,0.0,81935,579098343487639,8,32.3,533.45703125,0.6859999895095825,16,0.0,0.0,1176450050,,,,0,0.0,1,-38.97,27.299999999999997,-7861.53955078125,6.015265464782715,,,Q,338294115615885,G,G27
143,1713027080417,332298412000000,18,0.0,-1396730000005343064,-0.9638175964355468,24.969423975562677,-136.69708412843036,13.912730973709401,6,28,0.0,81935,579098337695881,27,22.1,-511.0576171875,3.767000198364258,16,0.0,0.0,1176450050,,,,0,0.0,1,-38.97,17.1,-7861.53955078125,6.015265464782715,,,Q,338294115615885,G,G28
144,1713027080417,332298412000000,18,0.0,-1396730000005343064,-0.9638175964355468,24.969423975562677,-136.69708412843036,13.912730973709401,6,32,0.0,81935,579098345816264,16,26.2,235.1298370361328,1.0989999771118164,16,0.0,0.0,1176450050,,,,0,0.0,1,-38.97,21.2,-7861.53955078125,6.015265464782715,,,Q,338294115615885,G,G32
161,1713027081417,332299412000000,18,0.0,-1396730000005343206,-0.3460350036621094,26.17577774799429,-139.22955713878792,13.519478343356516,6,02,0.0,16399,579099340801137,9,45.2,-502.2459411621094,0.048809196799993515,16,0.0,0.0,1575420030,,,,0,0.0,1,-55.97,40.2,0.0,0.0,,,C,338295115151353,G,G02
162,1713027081417,332299412000000,18,0.0,-1396730000005343206,-0.3460350036621094,26.17577774799429,-139.22955713878792,13.519478343356516,6,03,0.0,16399,579099337096510,10,44.0,-501.1187744140625,0.023899104446172714,16,0.0,0.0,1575420030,,,,0,0.0,1,-55.97,39.0,0.0,0.0,,,C,338295115151353,G,G03
163,1713027081417,332299412000000,18,0.0,-1396730000005343206,-0.3460350036621094,26.17577774799429,-139.22955713878792,13.519478343356516,6,08,0.0,16399,579099346847153,6,49.5,169.416748046875,0.037792082875967026,16,0.0,0.0,1575420030,,,,0,0.0,1,-55.97,44.5,0.0,0.0,,,C,338295115151353,G,G08
164,1713027081417,332299412000000,18,0.0,-1396730000005343206,-0.3460350036621094,26.17577774799429,-139.22955713878792,13.519478343356516,6,10,0.0,16399,579099341325086,13,41.6,358.97479248046875,0.05039195343852043,16,0.0,0.0,1575420030,,,,0,0.0,1,-55.97,36.6,0.0,0.0,,,C,338295115151353,G,G10
165,1713027081417,332299412000000,18,0.0,-1396730000005343206,-0.3460350036621094,26.17577774799429,-139.22955713878792,13.519478343356516,6,21,0.0,16399,579099344937069,8,46.2,-345.1298828125,0.04220025613903999,16,0.0,0.0,1575420030,,,,0,0.0,1,-55.97,41.2,0.0,0.0,,,C,338295115151353,G,G21
166,1713027081417,332299412000000,18,0.0,-1396730000005343206,-0.3460350036621094,26.17577774799429,-139.22955713878792,13.519478343356516,6,27,0.0,16399,579099343478012,7,47.0,537.2924194335938,0.043205492198467255,16,0.0,0.0,1575420030,,,,0,0.0,1,-55.97,42.0,0.0,0.0,,,C,338295115151353,G,G27
167,1713027081417,332299412000000,18,0.0,-1396730000005343206,-0.3460350036621094,26.17577774799429,-139.22955713878792,13.519478343356516,6,28,0.0,16399,579099337689805,16,39.1,-507.09564208984375,0.6032862663269043,16,0.0,0.0,1575420030,,,,0,0.0,1,-55.97,34.1,0.0,0.0,,,C,338295115151353,G,G28
168,1713027081417,332299412000000,18,0.0,-1396730000005343206,-0.3460350036621094,26.17577774799429,-139.22955713878792,13.519478343356516,6,32,0.0,16399,579099345807575,6,48.2,240.2536163330078,0.03980587422847748,16,0.0,0.0,1575420030,,,,0,0.0,1,-55.97,43.2,0.0,0.0,,,C,338295115151353,G,G32
194,1713027081417,332299412000000,18,0.0,-1396730000005343206,-0.3460350036621094,26.17577774799429,-139.22955713878792,13.519478343356516,6,03,0.0,81935,579099337104294,6,35.9,-500.9246520996094,4.681924819946289,16,0.0,0.0,1176450050,,,,0,0.0,1,-37.58,30.9,-7861.5380859375,6.015347003936768,,,Q,338295115151353,G,G03
195,1713027081417,332299412000000,18,0.0,-1396730000005343206,-0.3460350036621094,26.17577774799429,-139.22955713878792,13.519478343356516,6,08,0.0,81935,579099346854988,5,38.7,169.3560333251953,0.05711478739976883,16,0.0,0.0,1176450050,,,,0,0.0,1,-37.58,33.7,-7861.5380859375,6.015347003936768,,,Q,338295115151353,G,G08
196,1713027081417,332299412000000,18,0.0,-1396730000005343206,-0.3460350036621094,26.17577774799429,-139.22955713878792,13.519478343356516,6,27,0.0,81935,579099343485859,6,36.5,537.2116088867188,0.8260688781738281,16,0.0,0.0,1176450050,,,,0,0.0,1,-37.58,31.5,-7861.5380859375,6.015347003936768,,,Q,338295115151353,G,G27
197,1713027081417,332299412000000,18,0.0,-1396730000005343206,-0.3460350036621094,26.17577774799429,-139.22955713878792,13.519478343356516,6,28,0.0,81935,579099337697570,18,25.4,-507.5027770996094,1.1769999265670776,16,0.0,0.0,1176450050,,,,0,0.0,1,-37.58,20.4,-7861.5380859375,6.015347003936768,,,Q,338295115151353,G,G28
198,1713027081417,332299412000000,18,0.0,-1396730000005343206,-0.3460350036621094,26.17577774799429,-139.22955713878792,13.519478343356516,6,32,0.0,81935,579099345815450,12,28.3,240.5704040527344,0.9389999508857727,16,0.0,0.0,1176450050,,,,0,0.0,1,-37.58,23.3,-7861.5380859375,6.015347003936768,,,Q,338295115151353,G,G32
215,1713027082417,332300412000000,18,0.0,-1396730000005343329,-0.1614055633544922,27.088088245363906,-126.06266723140145,16.203641236922117,6,02,0.0,16399,579100340802834,9,45.2,-502.9743347167969,0.048809196799993515,16,0.0,0.0,1575420030,,,,0,0.0,1,-56.2,40.2,0.0,0.0,,,C,338296117368853,G,G02
216,1713027082417,332300412000000,18,0.0,-1396730000005343329,-0.1614055633544922,27.088088245363906,-126.06266723140145,16.203641236922117,6,03,0.0,16399,579100337098173,10,44.2,-501.73736572265625,0.023899104446172714,16,0.0,0.0,1575420030,,,,0,0.0,1,-56.2,39.2,0.0,0.0,,,C,338296117368853,G,G03
217,1713027082417,332300412000000,18,0.0,-1396730000005343329,-0.1614055633544922,27.088088245363906,-126.06266723140145,16.203641236922117,6,08,0.0,16399,579100346846584,6,49.4,168.81280517578125,0.037792082875967026,16,0.0,0.0,1575420030,,,,0,0.0,1,-56.2,44.4,0.0,0.0,,,C,338296117368853,G,G08
218,1713027082417,332300412000000,18,0.0,-1396730000005343329,-0.1614055633544922,27.088088245363906,-126.06266723140145,16.203641236922117,6,10,0.0,16399,579100341323878,13,41.1,358.2361145019531,0.05039195343852043,16,0.0,0.0,1575420030,,,,0,0.0,1,-56.2,36.1,0.0,0.0,,,C,338296117368853,G,G10
219,1713027082417,332300412000000,18,0.0,-1396730000005343329,-0.1614055633544922,27.088088245363906,-126.06266723140145,16.203641236922117,6,21,0.0,16399,579100344938243,9,45.8,-345.81219482421875,0.042809195816516876,16,0.0,0.0,1575420030,,,,0,0.0,1,-56.2,40.8,0.0,0.0,,,C,338296117368853,G,G21
220,1713027082417,332300412000000,18,0.0,-1396730000005343329,-0.1614055633544922,27.088088245363906,-126.06266723140145,16.203641236922117,6,27,0.0,16399,579100343476218,8,46.8,536.6227416992188,0.04370025545358658,16,0.0,0.0,1575420030,,,,0,0.0,1,-56.2,41.8,0.0,0.0,,,C,338296117368853,G,G27
221,1713027082417,332300412000000,18,0.0,-1396730000005343329,-0.1614055633544922,27.088088245363906,-126.06266723140145,16.203641236922117,6,28,0.0,16399,579100337691498,16,39.9,-507.8260803222656,0.03240523114800453,16,0.0,0.0,1575420030,,,,0,0.0,1,-56.2,34.9,0.0,0.0,,,C,338296117368853,G,G28
222,1713027082417,332300412000000,18,0.0,-1396730000005343329,-0.1614055633544922,27.088088245363906,-126.06266723140145,16.203641236922117,6,32,0.0,16399,579100345806783,7,47.5,239.6295318603516,0.040205493569374084,16,0.0,0.0,1575420030,,,,0,0.0,1,-56.2,42.5,0.0,0.0,,,C,338296117368853,G,G32
248,1713027082417,332300412000000,18,0.0,-1396730000005343329,-0.1614055633544922,27.088088245363906,-126.06266723140145,16.203641236922117,6,03,0.0,81935,579100337105968,6,36.5,-501.6851806640625,0.08258473873138428,16,0.0,0.0,1176450050,,,,0,0.0,1,-37.99,31.5,-7861.5380859375,6.01542854309082,,,Q,338296117368853,G,G03
249,1713027082417,332300412000000,18,0.0,-1396730000005343329,-0.1614055633544922,27.088088245363906,-126.06266723140145,16.203641236922117,6,08,0.0,81935,579100346854430,5,38.5,168.8660888671875,0.05711478739976883,16,0.0,0.0,1176450050,,,,0,0.0,1,-37.99,33.5,-7861.5380859375,6.01542854309082,,,Q,338296117368853,G,G08
250,1713027082417,332300412000000,18,0.0,-1396730000005343329,-0.1614055633544922,27.088088245363906,-126.06266723140145,16.203641236922117,6,10,0.0,81935,579100341331712,30,21.4,357.8804931640625,6.11299991607666,16,0.0,0.0,1176450050,,,,0,0.0,1,-37.99,16.4,-7861.5380859375,6.01542854309082,,,Q,338296117368853,G,G10
251,1713027082417,332300412000000,18,0.0,-1396730000005343329,-0.1614055633544922,27.088088245363906,-126.06266723140145,16.203641236922117,6,27,0.0,81935,579100343484067,5,37.7,536.688720703125,0.05554531514644623,16,0.0,0.0,1176450050,,,,0,0.0,1,-37.99,32.7,-7861.5380859375,6.01542854309082,,,Q,338296117368853,G,G27
252,1713027082417,332300412000000,18,0.0,-1396730000005343329,-0.1614055633544922,27.088088245363906,-126.06266723140145,16.203641236922117,6,32,0.0,81935,579100345814652,12,28.8,239.64028930664065,0.9389999508857727,16,0.0,0.0,1176450050,,,,0,0.0,1,-37.99,23.8,-7861.5380859375,6.01542854309082,,,Q,338296117368853,G,G32
269,1713027083417,332301412000000,18,0.0,-1396730000005343459,-0.8147869110107422,25.643446861067787,-128.0940255415525,15.339601067212971,6,02,0.0,16399,579101340804506,9,45.3,-502.3953247070313,0.048809196799993515,16,0.0,0.0,1575420030,,,,0,0.0,1,-56.2,40.3,0.0,0.0,,,C,338297112830206,G,G02
270,1713027083417,332301412000000,18,0.0,-1396730000005343459,-0.8147869110107422,25.643446861067787,-128.0940255415525,15.339601067212971,6,03,0.0,16399,579101337099847,10,44.1,-501.1844177246094,0.023899104446172714,16,0.0,0.0,1575420030,,,,0,0.0,1,-56.2,39.1,0.0,0.0,,,C,338297112830206,G,G03
271,1713027083417,332301412000000,18,0.0,-1396730000005343459,-0.8147869110107422,25.643446861067787,-128.0940255415525,15.339601067212971,6,08,0.0,16399,579101346846023,6,49.4,169.46388244628906,0.037792082875967026,16,0.0,0.0,1575420030,,,,0,0.0,1,-56.2,44.4,0.0,0.0,,,C,338297112830206,G,G08
272,1713027083417,332301412000000,18,0.0,-1396730000005343459,-0.8147869110107422,25.643446861067787,-128.0940255415525,15.339601067212971,6,10,0.0,16399,579101341322712,24,35.7,358.9184265136719,1.8306463956832886,16,0.0,0.0,1575420030,,,,0,0.0,1,-56.2,30.700000000000003,0.0,0.0,,,C,338297112830206,G,G10
273,1713027083417,332301412000000,18,0.0,-1396730000005343459,-0.8147869110107422,25.643446861067787,-128.0940255415525,15.339601067212971,6,21,0.0,16399,579101344939375,9,45.8,-345.2157897949219,0.042809195816516876,16,0.0,0.0,1575420030,,,,0,0.0,1,-56.2,40.8,0.0,0.0,,,C,338297112830206,G,G21
274,1713027083417,332301412000000,18,0.0,-1396730000005343459,-0.8147869110107422,25.643446861067787,-128.0940255415525,15.339601067212971,6,27,0.0,16399,579101343474424,8,46.5,537.2451171875,0.04370025545358658,16,0.0,0.0,1575420030,,,,0,0.0,1,-56.2,41.5,0.0,0.0,,,C,338297112830206,G,G27
275,1713027083417,332301412000000,18,0.0,-1396730000005343459,-0.8147869110107422,25.643446861067787,-128.0940255415525,15.339601067212971,6,28,0.0,16399,579101337693213,19,37.6,-507.26116943359375,0.0437086746096611,16,0.0,0.0,1575420030,,,,0,0.0,1,-56.2,32.6,0.0,0.0,,,C,338297112830206,G,G28
276,1713027083417,332301412000000,18,0.0,-1396730000005343459,-0.8147869110107422,25.643446861067787,-128.0940255415525,15.339601067212971,6,32,0.0,16399,579101345805973,8,46.9,240.298583984375,0.04070025682449341,16,0.0,0.0,1575420030,,,,0,0.0,1,-56.2,41.9,0.0,0.0,,,C,338297112830206,G,G32
302,1713027083417,332301412000000,18,0.0,-1396730000005343459,-0.8147869110107422,25.643446861067787,-128.0940255415525,15.339601067212971,6,03,0.0,81935,579101337107641,6,36.2,-501.1670227050781,0.08258473873138428,16,0.0,0.0,1176450050,,,,0,0.0,1,-37.91,31.200000000000003,-7861.5380859375,6.015510082244873,,,Q,338297112830206,G,G03
303,1713027083417,332301412000000,18,0.0,-1396730000005343459,-0.8147869110107422,25.643446861067787,-128.0940255415525,15.339601067212971,6,08,0.0,81935,579101346853863,5,38.6,169.49134826660156,0.05711478739976883,16,0.0,0.0,1176450050,,,,0,0.0,1,-37.91,33.6,-7861.5380859375,6.015510082244873,,,Q,338297112830206,G,G08
304,1713027083417,332301412000000,18,0.0,-1396730000005343459,-0.8147869110107422,25.643446861067787,-128.0940255415525,15.339601067212971,6,10,0.0,81935,579101341330536,14,27.6,358.5812683105469,1.0130000114440918,16,0.0,0.0,1176450050,,,,0,0.0,1,-37.91,22.6,-7861.5380859375,6.015510082244873,,,Q,338297112830206,G,G10
305,1713027083417,332301412000000,18,0.0,-1396730000005343459,-0.8147869110107422,25.643446861067787,-128.0940255415525,15.339601067212971,6,27,0.0,81935,579101343482278,6,36.3,537.2643432617188,0.06158473715186119,16,0.0,0.0,1176450050,,,,0,0.0,1,-37.91,31.299999999999997,-7861.5380859375,6.015510082244873,,,Q,338297112830206,G,G27
306,1713027083417,332301412000000,18,0.0,-1396730000005343459,-0.8147869110107422,25.643446861067787,-128.0940255415525,15.339601067212971,6,28,0.0,81935,579101337700972,18,25.1,-507.7703247070313,1.8970000743865967,16,0.0,0.0,1176450050,,,,0,0.0,1,-37.91,20.1,-7861.5380859375,6.015510082244873,,,Q,338297112830206,G,G28
307,1713027083417,332301412000000,18,0.0,-1396730000005343459,-0.8147869110107422,25.643446861067787,-128.0940255415525,15.339601067212971,6,32,0.0,81935,579101345813846,11,29.4,240.3651580810547,3.230288028717041,16,0.0,0.0,1176450050,,,,0,0.0,1,-37.91,24.4,-7861.5380859375,6.015510082244873,,,Q,338297112830206,G,G32
324,1713027084417,332302412000000,18,0.0,-1396730000005343585,-0.1335525512695312,24.16433926555328,-126.45033064251545,13.450796477689403,6,02,0.0,16399,579102340806192,10,44.7,-503.2236633300781,0.049399107694625854,16,0.0,0.0,1575420030,,,,0,0.0,1,-56.35,39.7,0.0,0.0,,,C,338298113515311,G,G02
325,1713027084417,332302412000000,18,0.0,-1396730000005343585,-0.1335525512695312,24.16433926555328,-126.45033064251545,13.450796477689403,6,03,0.0,16399,579102337101530,11,43.8,-501.9509887695313,0.02469833754003048,16,0.0,0.0,1575420030,,,,0,0.0,1,-56.35,38.8,0.0,0.0,,,C,338298113515311,G,G03
326,1713027084417,332302412000000,18,0.0,-1396730000005343585,-0.1335525512695312,24.16433926555328,-126.45033064251545,13.450796477689403,6,08,0.0,16399,579102346845458,6,49.4,168.75726318359375,0.037792082875967026,16,0.0,0.0,1575420030,,,,0,0.0,1,-56.35,44.4,0.0,0.0,,,C,338298113515311,G,G08
327,1713027084417,332302412000000,18,0.0,-1396730000005343585,-0.1335525512695312,24.16433926555328,-126.45033064251545,13.450796477689403,6,21,0.0,16399,579102344940531,9,45.9,-346.0337219238281,0.042809195816516876,16,0.0,0.0,1575420030,,,,0,0.0,1,-56.35,40.9,0.0,0.0,,,C,338298113515311,G,G21
328,1713027084417,332302412000000,18,0.0,-1396730000005343585,-0.1335525512695312,24.16433926555328,-126.45033064251545,13.450796477689403,6,27,0.0,16399,579102343472623,9,45.7,536.4755859375,0.04430919513106346,16,0.0,0.0,1575420030,,,,0,0.0,1,-56.35,40.7,0.0,0.0,,,C,338298113515311,G,G27
329,1713027084417,332302412000000,18,0.0,-1396730000005343585,-0.1335525512695312,24.16433926555328,-126.45033064251545,13.450796477689403,6,28,0.0,16399,579102337694876,19,37.7,-508.0219421386719,0.6145896911621094,16,0.0,0.0,1575420030,,,,0,0.0,1,-56.35,32.7,0.0,0.0,,,C,338298113515311,G,G28
330,1713027084417,332302412000000,18,0.0,-1396730000005343585,-0.1335525512695312,24.16433926555328,-126.45033064251545,13.450796477689403,6,32,0.0,16399,579102345805168,6,48.1,239.5531311035156,0.03980587422847748,16,0.0,0.0,1575420030,,,,0,0.0,1,-56.35,43.1,0.0,0.0,,,C,338298113515311,G,G32
355,1713027084417,332302412000000,18,0.0,-1396730000005343585,-0.1335525512695312,24.16433926555328,-126.45033064251545,13.450796477689403,6,03,0.0,81935,579102337109314,6,35.3,-501.9090576171875,0.0950203537940979,16,0.0,0.0,1176450050,,,,0,0.0,1,-38.14,30.299999999999997,-7861.5380859375,6.015591621398926,,,Q,338298113515311,G,G03
356,1713027084417,332302412000000,18,0.0,-1396730000005343585,-0.1335525512695312,24.16433926555328,-126.45033064251545,13.450796477689403,6,08,0.0,81935,579102346853297,5,38.9,168.8057861328125,0.05711478739976883,16,0.0,0.0,1176450050,,,,0,0.0,1,-38.14,33.9,-7861.5380859375,6.015591621398926,,,Q,338298113515311,G,G08
357,1713027084417,332302412000000,18,0.0,-1396730000005343585,-0.1335525512695312,24.16433926555328,-126.45033064251545,13.450796477689403,6,10,0.0,81935,579102341329341,11,29.1,358.08837890625,3.98877215385437,16,0.0,0.0,1176450050,,,,0,0.0,1,-38.14,24.1,-7861.5380859375,6.015591621398926,,,Q,338298113515311,G,G10
358,1713027084417,332302412000000,18,0.0,-1396730000005343585,-0.1335525512695312,24.16433926555328,-126.45033064251545,13.450796477689403,6,27,0.0,81935,579102343480487,6,35.3,536.5411376953125,0.07402034848928452,16,0.0,0.0,1176450050,,,,0,0.0,1,-38.14,30.299999999999997,-7861.5380859375,6.015591621398926,,,Q,338298113515311,G,G27
359,1713027084417,332302412000000,18,0.0,-1396730000005343585,-0.1335525512695312,24.16433926555328,-126.45033064251545,13.450796477689403,6,32,0.0,81935,579102345813044,12,28.8,239.4873809814453,0.9389999508857727,16,0.0,0.0,1176450050,,,,0,0.0,1,-38.14,23.8,-7861.5380859375,6.015591621398926,,,Q,338298113515311,G,G32
376,1713027085417,332303412000000,18,0.0,-1396730000005343714,-0.0285968780517578,25.908440875355154,-129.07237112975974,15.41994649141131,6,02,0.0,16399,579103340807860,10,44.9,-503.2600402832031,0.049399107694625854,16,0.0,0.0,1575420030,,,,0,0.0,1,-56.53,39.9,0.0,0.0,,,C,338299109929216,G,G02
377,1713027085417,332303412000000,18,0.0,-1396730000005343714,-0.0285968780517578,25.908440875355154,-129.07237112975974,15.41994649141131,6,03,0.0,16399,579103337103189,11,43.9,-501.9734191894531,0.02469833754003048,16,0.0,0.0,1575420030,,,,0,0.0,1,-56.53,38.9,0.0,0.0,,,C,338299109929216,G,G03
378,1713027085417,332303412000000,18,0.0,-1396730000005343714,-0.0285968780517578,25.908440875355154,-129.07237112975974,15.41994649141131,6,08,0.0,16399,579103346844901,6,49.2,168.82028198242188,0.037792082875967026,16,0.0,0.0,1575420030,,,,0,0.0,1,-56.53,44.2,0.0,0.0,,,C,338299109929216,G,G08
379,1713027085417,332303412000000,18,0.0,-1396730000005343714,-0.0285968780517578,25.908440875355154,-129.07237112975974,15.41994649141131,6,21,0.0,16399,579103344941692,8,46.0,-346.0481872558594,0.04220025613903999,16,0.0,0.0,1575420030,,,,0,0.0,1,-56.53,41.0,0.0,0.0,,,C,338299109929216,G,G21
380,1713027085417,332303412000000,18,0.0,-1396730000005343714,-0.0285968780517578,25.908440875355154,-129.07237112975974,15.41994649141131,6,27,0.0,16399,579103343470833,9,45.3,536.4764404296875,0.04430919513106346,16,0.0,0.0,1575420030,,,,0,0.0,1,-56.53,40.3,0.0,0.0,,,C,338299109929216,G,G27
381,1713027085417,332303412000000,18,0.0,-1396730000005343714,-0.0285968780517578,25.908440875355154,-129.07237112975974,15.41994649141131,6,28,0.0,16399,579103337696579,19,37.2,-508.06097412109375,0.0437086746096611,16,0.0,0.0,1575420030,,,,0,0.0,1,-56.53,32.2,0.0,0.0,,,C,338299109929216,G,G28
382,1713027085417,332303412000000,18,0.0,-1396730000005343714,-0.0285968780517578,25.908440875355154,-129.07237112975974,15.41994649141131,6,32,0.0,16399,579103345804376,7,47.6,239.5984039306641,0.040205493569374084,16,0.0,0.0,1575420030,,,,0,0.0,1,-56.53,42.6,0.0,0.0,,,C,338299109929216,G,G32
407,1713027085417,332303412000000,18,0.0,-1396730000005343714,-0.0285968780517578,25.908440875355154,-129.07237112975974,15.41994649141131,6,03,0.0,81935,579103337110986,6,36.0,-501.91351318359375,0.08258473873138428,16,0.0,0.0,1176450050,,,,0,0.0,1,-38.22,31.0,-7861.537109375,6.01567268371582,,,Q,338299109929216,G,G03
408,1713027085417,332303412000000,18,0.0,-1396730000005343714,-0.0285968780517578,25.908440875355154,-129.07237112975974,15.41994649141131,6,08,0.0,81935,579103346852735,5,38.9,168.87452697753906,0.05711478739976883,16,0.0,0.0,1176450050,,,,0,0.0,1,-38.22,33.9,-7861.537109375,6.01567268371582,,,Q,338299109929216,G,G08
409,1713027085417,332303412000000,18,0.0,-1396730000005343714,-0.0285968780517578,25.908440875355154,-129.07237112975974,15.41994649141131,6,10,0.0,81935,579103341328149,14,27.7,358.1225891113281,1.0130000114440918,16,0.0,0.0,1176450050,,,,0,0.0,1,-38.22,22.7,-7861.537109375,6.01567268371582,,,Q,338299109929216,G,G10
410,1713027085417,332303412000000,18,0.0,-1396730000005343714,-0.0285968780517578,25.908440875355154,-129.07237112975974,15.41994649141131,6,27,0.0,81935,579103343478693,6,35.6,536.5004272460938,0.07402034848928452,16,0.0,0.0,1176450050,,,,0,0.0,1,-38.22,30.6,-7861.537109375,6.01567268371582,,,Q,338299109929216,G,G27
411,1713027085417,332303412000000,18,0.0,-1396730000005343714,-0.0285968780517578,25.908440875355154,-129.07237112975974,15.41994649141131,6,28,0.0,81935,579103337704372,27,22.9,-508.0761413574219,2.2070000171661377,16,0.0,0.0,1176450050,,,,0,0.0,1,-38.22,17.9,-7861.537109375,6.01567268371582,,,Q,338299109929216,G,G28
412,1713027085417,332303412000000,18,0.0,-1396730000005343714,-0.0285968780517578,25.908440875355154,-129.07237112975974,15.41994649141131,6,32,0.0,81935,579103345812248,11,29.3,239.6734619140625,1.701319694519043,16,0.0,0.0,1176450050,,,,0,0.0,1,-38.22,24.3,-7861.537109375,6.01567268371582,,,Q,338299109929216,G,G32
429,1713027086417,332304412000000,18,0.0,-1396730000005343843,-0.7283039093017578,24.18778240098618,-129.3442928489059,14.377472803809258,6,02,0.0,16399,579104340809532,9,45.9,-503.19036865234375,0.048809196799993515,16,0.0,0.0,1575420030,,,,0,0.0,1,-56.15,40.9,0.0,0.0,,,C,338300113810049,G,G02
430,1713027086417,332304412000000,18,0.0,-1396730000005343843,-0.7283039093017578,24.18778240098618,-129.3442928489059,14.377472803809258,6,03,0.0,16399,579104337104852,10,44.7,-501.9228210449219,0.023899104446172714,16,0.0,0.0,1575420030,,,,0,0.0,1,-56.15,39.7,0.0,0.0,,,C,338300113810049,G,G03
431,1713027086417,332304412000000,18,0.0,-1396730000005343843,-0.7283039093017578,24.18778240098618,-129.3442928489059,14.377472803809258,6,08,0.0,16399,579104346844327,6,49.8,168.9716339111328,0.037792082875967026,16,0.0,0.0,1575420030,,,,0,0.0,1,-56.15,44.8,0.0,0.0,,,C,338300113810049,G,G08
432,1713027086417,332304412000000,18,0.0,-1396730000005343843,-0.7283039093017578,24.18778240098618,-129.3442928489059,14.377472803809258,6,21,0.0,16399,579104344942848,8,46.8,-345.9566650390625,0.04220025613903999,16,0.0,0.0,1575420030,,,,0,0.0,1,-56.15,41.8,0.0,0.0,,,C,338300113810049,G,G21
433,1713027086417,332304412000000,18,0.0,-1396730000005343843,-0.7283039093017578,24.18778240098618,-129.3442928489059,14.377472803809258,6,27,0.0,16399,579104343469056,9,45.9,536.5894775390625,0.04430919513106346,16,0.0,0.0,1575420030,,,,0,0.0,1,-56.15,40.9,0.0,0.0,,,C,338300113810049,G,G27
434,1713027086417,332304412000000,18,0.0,-1396730000005343843,-0.7283039093017578,24.18778240098618,-129.3442928489059,14.377472803809258,6,28,0.0,16399,579104337698260,19,37.7,-507.9851379394531,0.0437086746096611,16,0.0,0.0,1575420030,,,,0,0.0,1,-56.15,32.7,0.0,0.0,,,C,338300113810049,G,G28
435,1713027086417,332304412000000,18,0.0,-1396730000005343843,-0.7283039093017578,24.18778240098618,-129.3442928489059,14.377472803809258,6,32,0.0,16399,579104345803588,7,47.6,239.7445831298828,0.040205493569374084,16,0.0,0.0,1575420030,,,,0,0.0,1,-56.15,42.6,0.0,0.0,,,C,338300113810049,G,G32
461,1713027086417,332304412000000,18,0.0,-1396730000005343843,-0.7283039093017578,24.18778240098618,-129.3442928489059,14.377472803809258,6,03,0.0,81935,579104337112669,6,35.9,-501.9154357910156,0.8595044612884521,16,0.0,0.0,1176450050,,,,0,0.0,1,-37.91,30.9,-7861.537109375,6.015754699707031,,,Q,338300113810049,G,G03
462,1713027086417,332304412000000,18,0.0,-1396730000005343843,-0.7283039093017578,24.18778240098618,-129.3442928489059,14.377472803809258,6,08,0.0,81935,579104346852172,4,39.0,168.95172119140625,0.054974231868982315,16,0.0,0.0,1176450050,,,,0,0.0,1,-37.91,34.0,-7861.537109375,6.015754699707031,,,Q,338300113810049,G,G08
463,1713027086417,332304412000000,18,0.0,-1396730000005343843,-0.7283039093017578,24.18778240098618,-129.3442928489059,14.377472803809258,6,10,0.0,81935,579104341326943,11,29.4,358.00543212890625,0.9308356046676636,16,0.0,0.0,1176450050,,,,0,0.0,1,-37.91,24.4,-7861.537109375,6.015754699707031,,,Q,338300113810049,G,G10
464,1713027086417,332304412000000,18,0.0,-1396730000005343843,-0.7283039093017578,24.18778240098618,-129.3442928489059,14.377472803809258,6,27,0.0,81935,579104343476909,6,35.9,536.5592651367188,0.07402034848928452,16,0.0,0.0,1176450050,,,,0,0.0,1,-37.91,30.9,-7861.537109375,6.015754699707031,,,Q,338300113810049,G,G27
465,1713027086417,332304412000000,18,0.0,-1396730000005343843,-0.7283039093017578,24.18778240098618,-129.3442928489059,14.377472803809258,6,32,0.0,81935,579104345811449,9,31.0,239.83126831054688,0.06787201762199402,16,0.0,0.0,1176450050,,,,0,0.0,1,-37.91,26.0,-7861.537109375,6.015754699707031,,,Q,338300113810049,G,G32
482,1713027087417,332305412000000,18,0.0,-1396730000005343972,-0.8021621704101562,18.71904169092886,-129.33250999855824,9.495391594327847,6,02,0.0,16399,579105340811223,9,45.1,-504.54925537109375,0.048809196799993515,16,0.0,0.0,1575420030,,,,0,0.0,1,-56.33,40.1,0.0,0.0,,,C,338301111099840,G,G02
483,1713027087417,332305412000000,18,0.0,-1396730000005343972,-0.8021621704101562,18.71904169092886,-129.33250999855824,9.495391594327847,6,03,0.0,16399,579105337106542,10,44.7,-503.2698059082031,0.023899104446172714,16,0.0,0.0,1575420030,,,,0,0.0,1,-56.33,39.7,0.0,0.0,,,C,338301111099840,G,G03
484,1713027087417,332305412000000,18,0.0,-1396730000005343972,-0.8021621704101562,18.71904169092886,-129.33250999855824,9.495391594327847,6,08,0.0,16399,579105346843767,6,49.7,167.71536254882812,0.037792082875967026,16,0.0,0.0,1575420030,,,,0,0.0,1,-56.33,44.7,0.0,0.0,,,C,338301111099840,G,G08
485,1713027087417,332305412000000,18,0.0,-1396730000005343972,-0.8021621704101562,18.71904169092886,-129.33250999855824,9.495391594327847,6,21,0.0,16399,579105344944006,8,46.4,-347.29083251953125,0.04220025613903999,16,0.0,0.0,1575420030,,,,0,0.0,1,-56.33,41.4,0.0,0.0,,,C,338301111099840,G,G21
486,1713027087417,332305412000000,18,0.0,-1396730000005343972,-0.8021621704101562,18.71904169092886,-129.33250999855824,9.495391594327847,6,27,0.0,16399,579105343467265,9,45.8,535.2749633789062,0.04430919513106346,16,0.0,0.0,1575420030,,,,0,0.0,1,-56.33,40.8,0.0,0.0,,,C,338301111099840,G,G27
487,1713027087417,332305412000000,18,0.0,-1396730000005343972,-0.8021621704101562,18.71904169092886,-129.33250999855824,9.495391594327847,6,28,0.0,16399,579105337699983,19,37.0,-509.3533020019531,1.7563517093658447,16,0.0,0.0,1575420030,,,,0,0.0,1,-56.33,32.0,0.0,0.0,,,C,338301111099840,G,G28
488,1713027087417,332305412000000,18,0.0,-1396730000005343972,-0.8021621704101562,18.71904169092886,-129.33250999855824,9.495391594327847,6,32,0.0,16399,579105345802798,8,46.4,238.47511291503903,0.04070025682449341,16,0.0,0.0,1575420030,,,,0,0.0,1,-56.33,41.4,0.0,0.0,,,C,338301111099840,G,G32
512,1713027087417,332305412000000,18,0.0,-1396730000005343972,-0.8021621704101562,18.71904169092886,-129.33250999855824,9.495391594327847,6,03,0.0,81935,579105337114345,6,35.0,-503.36907958984375,0.0950203537940979,16,0.0,0.0,1176450050,,,,0,0.0,1,-38.48,30.0,-7861.5380859375,6.015835762023926,,,Q,338301111099840,G,G03
513,1713027087417,332305412000000,18,0.0,-1396730000005343972,-0.8021621704101562,18.71904169092886,-129.33250999855824,9.495391594327847,6,08,0.0,81935,579105346851614,5,37.3,167.548583984375,0.060045309364795685,16,0.0,0.0,1176450050,,,,0,0.0,1,-38.48,32.3,-7861.5380859375,6.015835762023926,,,Q,338301111099840,G,G08
514,1713027087417,332305412000000,18,0.0,-1396730000005343972,-0.8021621704101562,18.71904169092886,-129.33250999855824,9.495391594327847,6,10,0.0,81935,579105341325763,14,27.4,356.54266357421875,1.0130000114440918,16,0.0,0.0,1176450050,,,,0,0.0,1,-38.48,22.4,-7861.5380859375,6.015835762023926,,,Q,338301111099840,G,G10
515,1713027087417,332305412000000,18,0.0,-1396730000005343972,-0.8021621704101562,18.71904169092886,-129.33250999855824,9.495391594327847,6,27,0.0,81935,579105343475117,7,34.6,535.0999755859375,0.09450851380825043,16,0.0,0.0,1176450050,,,,0,0.0,1,-38.48,29.6,-7861.5380859375,6.015835762023926,,,Q,338301111099840,G,G27
516,1713027087417,332305412000000,18,0.0,-1396730000005343972,-0.8021621704101562,18.71904169092886,-129.33250999855824,9.495391594327847,6,28,0.0,81935,579105337707784,20,24.7,-509.4649658203125,1.9869999885559082,16,0.0,0.0,1176450050,,,,0,0.0,1,-38.48,19.7,-7861.5380859375,6.015835762023926,,,Q,338301111099840,G,G28
517,1713027087417,332305412000000,18,0.0,-1396730000005343972,-0.8021621704101562,18.71904169092886,-129.33250999855824,9.495391594327847,6,32,0.0,81935,579105345810650,10,30.5,238.1011505126953,3.920668125152588,16,0.0,0.0,1176450050,,,,0,0.0,1,-38.48,25.5,-7861.5380859375,6.015835762023926,,,Q,338301111099840,G,G32
534,1713027088417,332306412000000,18,0.0,-1396730000005344110,-0.3398799896240234,20.690866222139448,-133.9392863729797,11.477794133575758,6,02,0.0,16399,579106340812887,11,43.6,-501.5657958984375,0.05019833892583847,16,0.0,0.0,1575420030,,,,0,0.0,1,-57.67,38.6,0.0,0.0,,,C,338302115148590,G,G02
535,1713027088417,332306412000000,18,0.0,-1396730000005344110,-0.3398799896240234,20.690866222139448,-133.9392863729797,11.477794133575758,6,03,0.0,16399,579106337108221,12,42.6,-500.1924743652344,0.025497570633888245,16,0.0,0.0,1575420030,,,,0,0.0,1,-57.67,37.6,0.0,0.0,,,C,338302115148590,G,G03
536,1713027088417,332306412000000,18,0.0,-1396730000005344110,-0.3398799896240234,20.690866222139448,-133.9392863729797,11.477794133575758,6,08,0.0,16399,579106346843203,7,47.6,170.81556701660156,0.0387054942548275,16,0.0,0.0,1575420030,,,,0,0.0,1,-57.67,42.6,0.0,0.0,,,C,338302115148590,G,G08
537,1713027088417,332306412000000,18,0.0,-1396730000005344110,-0.3398799896240234,20.690866222139448,-133.9392863729797,11.477794133575758,6,10,0.0,16399,579106341316666,27,34.0,360.0451354980469,0.6169999837875366,16,0.0,0.0,1575420030,,,,0,0.0,1,-57.67,29.0,0.0,0.0,,,C,338302115148590,G,G10
538,1713027088417,332306412000000,18,0.0,-1396730000005344110,-0.3398799896240234,20.690866222139448,-133.9392863729797,11.477794133575758,6,21,0.0,16399,579106344945181,10,44.0,-344.2765197753906,0.6142801642417908,16,0.0,0.0,1575420030,,,,0,0.0,1,-57.67,39.0,0.0,0.0,,,C,338302115148590,G,G21
539,1713027088417,332306412000000,18,0.0,-1396730000005344110,-0.3398799896240234,20.690866222139448,-133.9392863729797,11.477794133575758,6,27,0.0,16399,579106343465473,10,44.0,538.3251342773438,0.0448991060256958,16,0.0,0.0,1575420030,,,,0,0.0,1,-57.67,39.0,0.0,0.0,,,C,338302115148590,G,G27
540,1713027088417,332306412000000,18,0.0,-1396730000005344110,-0.3398799896240234,20.690866222139448,-133.9392863729797,11.477794133575758,6,28,0.0,16399,579106337701646,21,36.2,-506.3809814453125,0.49799999594688416,16,0.0,0.0,1575420030,,,,0,0.0,1,-57.67,31.200000000000003,0.0,0.0,,,C,338302115148590,G,G28
541,1713027088417,332306412000000,18,0.0,-1396730000005344110,-0.3398799896240234,20.690866222139448,-133.9392863729797,11.477794133575758,6,32,0.0,16399,579106345801991,10,44.7,241.5652008056641,0.04189910739660263,16,0.0,0.0,1575420030,,,,0,0.0,1,-57.67,39.7,0.0,0.0,,,C,338302115148590,G,G32
566,1713027088417,332306412000000,18,0.0,-1396730000005344110,-0.3398799896240234,20.690866222139448,-133.9392863729797,11.477794133575758,6,03,0.0,81935,579106337116018,7,34.1,-500.0421142578125,1.6444767713546753,16,0.0,0.0,1176450050,,,,0,0.0,1,-39.01,29.1,-7861.537109375,6.01591682434082,,,Q,338302115148590,G,G03
567,1713027088417,332306412000000,18,0.0,-1396730000005344110,-0.3398799896240234,20.690866222139448,-133.9392863729797,11.477794133575758,6,08,0.0,81935,579106346851045,5,37.0,170.99905395507812,0.060045309364795685,16,0.0,0.0,1176450050,,,,0,0.0,1,-39.01,32.0,-7861.537109375,6.01591682434082,,,Q,338302115148590,G,G08
568,1713027088417,332306412000000,18,0.0,-1396730000005344110,-0.3398799896240234,20.690866222139448,-133.9392863729797,11.477794133575758,6,10,0.0,81935,579106341324562,14,27.5,359.8044738769531,1.0130000114440918,16,0.0,0.0,1176450050,,,,0,0.0,1,-39.01,22.5,-7861.537109375,6.01591682434082,,,Q,338302115148590,G,G10
569,1713027088417,332306412000000,18,0.0,-1396730000005344110,-0.3398799896240234,20.690866222139448,-133.9392863729797,11.477794133575758,6,27,0.0,81935,579106343473331,8,33.9,538.6173095703125,0.6360000371932983,16,0.0,0.0,1176450050,,,,0,0.0,1,-39.01,28.9,-7861.537109375,6.01591682434082,,,Q,338302115148590,G,G27
570,1713027088417,332306412000000,18,0.0,-1396730000005344110,-0.3398799896240234,20.690866222139448,-133.9392863729797,11.477794133575758,6,32,0.0,81935,579106345809858,12,28.6,241.7935943603516,0.9389999508857727,16,0.0,0.0,1176450050,,,,0,0.0,1,-39.01,23.6,-7861.537109375,6.01591682434082,,,Q,338302115148590,G,G32
587,1713027089417,332307412000000,18,0.0,-1396730000005344230,-0.7710647583007812,22.58744279970415,-124.066402983085,13.254840582521268,6,02,0.0,16399,579107340814572,10,44.4,-503.90869140625,0.049399107694625854,16,0.0,0.0,1575420030,,,,0,0.0,1,-57.32,39.4,0.0,0.0,,,C,338303116431403,G,G02
588,1713027089417,332307412000000,18,0.0,-1396730000005344230,-0.7710647583007812,22.58744279970415,-124.066402983085,13.254840582521268,6,03,0.0,16399,579107337109893,12,42.8,-502.6650390625,0.025497570633888245,16,0.0,0.0,1575420030,,,,0,0.0,1,-57.32,37.8,0.0,0.0,,,C,338303116431403,G,G03
589,1713027089417,332307412000000,18,0.0,-1396730000005344230,-0.7710647583007812,22.58744279970415,-124.066402983085,13.254840582521268,6,08,0.0,16399,579107346842638,6,48.0,168.52288818359375,0.03830587491393089,16,0.0,0.0,1575420030,,,,0,0.0,1,-57.32,43.0,0.0,0.0,,,C,338303116431403,G,G08
590,1713027089417,332307412000000,18,0.0,-1396730000005344230,-0.7710647583007812,22.58744279970415,-124.066402983085,13.254840582521268,6,10,0.0,16399,579107341315457,31,33.5,356.943359375,0.6420000195503235,16,0.0,0.0,1575420030,,,,0,0.0,1,-57.32,28.5,0.0,0.0,,,C,338303116431403,G,G10
591,1713027089417,332307412000000,18,0.0,-1396730000005344230,-0.7710647583007812,22.58744279970415,-124.066402983085,13.254840582521268,6,21,0.0,16399,579107344946323,10,44.6,-346.6251525878906,0.043399106711149216,16,0.0,0.0,1575420030,,,,0,0.0,1,-57.32,39.6,0.0,0.0,,,C,338303116431403,G,G21
592,1713027089417,332307412000000,18,0.0,-1396730000005344230,-0.7710647583007812,22.58744279970415,-124.066402983085,13.254840582521268,6,27,0.0,16399,579107343463692,10,44.0,535.9915161132812,0.0448991060256958,16,0.0,0.0,1575420030,,,,0,0.0,1,-57.32,39.0,0.0,0.0,,,C,338303116431403,G,G27
593,1713027089417,332307412000000,18,0.0,-1396730000005344230,-0.7710647583007812,22.58744279970415,-124.066402983085,13.254840582521268,6,28,0.0,16399,579107337703368,21,36.2,-508.2503662109375,5.770901203155518,16,0.0,0.0,1575420030,,,,0,0.0,1,-57.32,31.200000000000003,0.0,0.0,,,C,338303116431403,G,G28
594,1713027089417,332307412000000,18,0.0,-1396730000005344230,-0.7710647583007812,22.58744279970415,-124.066402983085,13.254840582521268,6,32,0.0,16399,579107345801181,9,45.1,239.25979614257807,0.04130919650197029,16,0.0,0.0,1575420030,,,,0,0.0,1,-57.32,40.1,0.0,0.0,,,C,338303116431403,G,G32
618,1713027089417,332307412000000,18,0.0,-1396730000005344230,-0.7710647583007812,22.58744279970415,-124.066402983085,13.254840582521268,6,03,0.0,81935,579107337117696,8,33.5,-502.0239868164063,0.6570000052452087,16,0.0,0.0,1176450050,,,,0,0.0,1,-38.7,28.5,-7861.5380859375,6.015998363494873,,,Q,338303116431403,G,G03
619,1713027089417,332307412000000,18,0.0,-1396730000005344230,-0.7710647583007812,22.58744279970415,-124.066402983085,13.254840582521268,6,08,0.0,81935,579107346850483,6,36.0,168.44224548339844,1.59505295753479,16,0.0,0.0,1176450050,,,,0,0.0,1,-38.7,31.0,-7861.5380859375,6.015998363494873,,,Q,338303116431403,G,G08
620,1713027089417,332307412000000,18,0.0,-1396730000005344230,-0.7710647583007812,22.58744279970415,-124.066402983085,13.254840582521268,6,10,0.0,81935,579107341323382,16,26.4,358.2882080078125,1.0929999351501465,16,0.0,0.0,1176450050,,,,0,0.0,1,-38.7,21.4,-7861.5380859375,6.015998363494873,,,Q,338303116431403,G,G10
621,1713027089417,332307412000000,18,0.0,-1396730000005344230,-0.7710647583007812,22.58744279970415,-124.066402983085,13.254840582521268,6,27,0.0,81935,579107343471543,9,31.5,536.6423950195312,0.7459999918937683,16,0.0,0.0,1176450050,,,,0,0.0,1,-38.7,26.5,-7861.5380859375,6.015998363494873,,,Q,338303116431403,G,G27
622,1713027089417,332307412000000,18,0.0,-1396730000005344230,-0.7710647583007812,22.58744279970415,-124.066402983085,13.254840582521268,6,32,0.0,81935,579107345809047,16,26.4,240.1499481201172,1.0989999771118164,16,0.0,0.0,1176450050,,,,0,0.0,1,-38.7,21.4,-7861.5380859375,6.015998363494873,,,Q,338303116431403,G,G32
639,1713027090417,332308412000000,18,0.0,-1396730000005344366,-0.2524223327636719,20.50250805041287,-131.84467477008764,10.780750577679497,6,02,0.0,16399,579108340816253,10,44.0,-500.8418273925781,0.049399107694625854,16,0.0,0.0,1575420030,,,,0,0.0,1,-57.4,39.0,0.0,0.0,,,C,338304116003381,G,G02
640,1713027090417,332308412000000,18,0.0,-1396730000005344366,-0.2524223327636719,20.50250805041287,-131.84467477008764,10.780750577679497,6,03,0.0,16399,579108337111566,11,43.1,-499.5289611816406,0.02469833754003048,16,0.0,0.0,1575420030,,,,0,0.0,1,-57.4,38.1,0.0,0.0,,,C,338304116003381,G,G03
641,1713027090417,332308412000000,18,0.0,-1396730000005344366,-0.2524223327636719,20.50250805041287,-131.84467477008764,10.780750577679497,6,08,0.0,16399,579108346842080,6,48.0,171.70761108398438,0.03830587491393089,16,0.0,0.0,1575420030,,,,0,0.0,1,-57.4,43.0,0.0,0.0,,,C,338304116003381,G,G08
642,1713027090417,332308412000000,18,0.0,-1396730000005344366,-0.2524223327636719,20.50250805041287,-131.84467477008764,10.780750577679497,6,10,0.0,16399,579108341314321,27,34.1,360.70166015625,0.6019999980926514,16,0.0,0.0,1575420030,,,,0,0.0,1,-57.4,29.1,0.0,0.0,,,C,338304116003381,G,G10
643,1713027090417,332308412000000,18,0.0,-1396730000005344366,-0.2524223327636719,20.50250805041287,-131.84467477008764,10.780750577679497,6,21,0.0,16399,579108344947470,10,44.4,-343.52276611328125,0.043399106711149216,16,0.0,0.0,1575420030,,,,0,0.0,1,-57.4,39.4,0.0,0.0,,,C,338304116003381,G,G21
644,1713027090417,332308412000000,18,0.0,-1396730000005344366,-0.2524223327636719,20.50250805041287,-131.84467477008764,10.780750577679497,6,27,0.0,16399,579108343461877,11,43.4,539.1243286132812,0.04569833725690842,16,0.0,0.0,1575420030,,,,0,0.0,1,-57.4,38.4,0.0,0.0,,,C,338304116003381,G,G27
645,1713027090417,332308412000000,18,0.0,-1396730000005344366,-0.2524223327636719,20.50250805041287,-131.84467477008764,10.780750577679497,6,28,0.0,16399,579108337705031,21,36.5,-505.6134338378906,0.6329720616340637,16,0.0,0.0,1575420030,,,,0,0.0,1,-57.4,31.5,0.0,0.0,,,C,338304116003381,G,G28
646,1713027090417,332308412000000,18,0.0,-1396730000005344366,-0.2524223327636719,20.50250805041287,-131.84467477008764,10.780750577679497,6,32,0.0,16399,579108345800383,10,44.8,242.4367828369141,0.04189910739660263,16,0.0,0.0,1575420030,,,,0,0.0,1,-57.4,39.8,0.0,0.0,,,C,338304116003381,G,G32
669,1713027090417,332308412000000,18,0.0,-1396730000005344366,-0.2524223327636719,20.50250805041287,-131.84467477008764,10.780750577679497,6,03,0.0,81935,579108337119363,6,35.3,-499.07568359375,3.15295672416687,16,0.0,0.0,1176450050,,,,0,0.0,1,-38.71,30.299999999999997,-7861.5380859375,6.016079425811768,,,Q,338304116003381,G,G03
670,1713027090417,332308412000000,18,0.0,-1396730000005344366,-0.2524223327636719,20.50250805041287,-131.84467477008764,10.780750577679497,6,08,0.0,81935,579108346849915,5,37.1,171.54226684570312,0.060045309364795685,16,0.0,0.0,1176450050,,,,0,0.0,1,-38.71,32.1,-7861.5380859375,6.016079425811768,,,Q,338304116003381,G,G08
671,1713027090417,332308412000000,18,0.0,-1396730000005344366,-0.2524223327636719,20.50250805041287,-131.84467477008764,10.780750577679497,6,10,0.0,81935,579108341322184,11,29.0,360.2120056152344,3.224287986755371,16,0.0,0.0,1176450050,,,,0,0.0,1,-38.71,24.0,-7861.5380859375,6.016079425811768,,,Q,338304116003381,G,G10
672,1713027090417,332308412000000,18,0.0,-1396730000005344366,-0.2524223327636719,20.50250805041287,-131.84467477008764,10.780750577679497,6,27,0.0,81935,579108343469748,7,34.7,539.6050415039062,3.152445077896118,16,0.0,0.0,1176450050,,,,0,0.0,1,-38.71,29.700000000000003,-7861.5380859375,6.016079425811768,,,Q,338304116003381,G,G27
673,1713027090417,332308412000000,18,0.0,-1396730000005344366,-0.2524223327636719,20.50250805041287,-131.84467477008764,10.780750577679497,6,28,0.0,81935,579108337712859,30,21.9,-506.1394653320313,3.1069998741149902,16,0.0,0.0,1176450050,,,,0,0.0,1,-38.71,16.9,-7861.5380859375,6.016079425811768,,,Q,338304116003381,G,G28
674,1713027090417,332308412000000,18,0.0,-1396730000005344366,-0.2524223327636719,20.50250805041287,-131.84467477008764,10.780750577679497,6,32,0.0,81935,579108345808253,11,29.4,242.82530212402344,3.230288028717041,16,0.0,0.0,1176450050,,,,0,0.0,1,-38.71,24.4,-7861.5380859375,6.016079425811768,,,Q,338304116003381,G,G32
691,1713027091417,332309412000000,18,0.0,-1396730000005344486,-0.147165298461914,19.901261111954227,-121.63428779204918,10.591844033583282,6,02,0.0,16399,579109340817921,8,46.0,-501.826416015625,0.04820025712251663,16,0.0,0.0,1575420030,,,,0,0.0,1,-55.92,41.0,0.0,0.0,,,C,338305107288953,G,G02
692,1713027091417,332309412000000,18,0.0,-1396730000005344486,-0.147165298461914,19.901261111954227,-121.63428779204918,10.591844033583282,6,03,0.0,16399,579109337113216,10,44.9,-500.48187255859375,0.023899104446172714,16,0.0,0.0,1575420030,,,,0,0.0,1,-55.92,39.9,0.0,0.0,,,C,338305107288953,G,G03
693,1713027091417,332309412000000,18,0.0,-1396730000005344486,-0.147165298461914,19.901261111954227,-121.63428779204918,10.591844033583282,6,08,0.0,16399,579109346841501,6,49.3,170.82083129882812,0.037792082875967026,16,0.0,0.0,1575420030,,,,0,0.0,1,-55.92,44.3,0.0,0.0,,,C,338305107288953,G,G08
694,1713027091417,332309412000000,18,0.0,-1396730000005344486,-0.147165298461914,19.901261111954227,-121.63428779204918,10.591844033583282,6,10,0.0,16399,579109341313092,24,35.8,359.3114929199219,0.11800329387187958,16,0.0,0.0,1575420030,,,,0,0.0,1,-55.92,30.799999999999997,0.0,0.0,,,C,338305107288953,G,G10
695,1713027091417,332309412000000,18,0.0,-1396730000005344486,-0.147165298461914,19.901261111954227,-121.63428779204918,10.591844033583282,6,21,0.0,16399,579109344948620,9,45.6,-344.48492431640625,0.042809195816516876,16,0.0,0.0,1575420030,,,,0,0.0,1,-55.92,40.6,0.0,0.0,,,C,338305107288953,G,G21
696,1713027091417,332309412000000,18,0.0,-1396730000005344486,-0.147165298461914,19.901261111954227,-121.63428779204918,10.591844033583282,6,27,0.0,16399,579109343460088,9,45.2,538.1806030273438,0.04430919513106346,16,0.0,0.0,1575420030,,,,0,0.0,1,-55.92,40.2,0.0,0.0,,,C,338305107288953,G,G27
697,1713027091417,332309412000000,18,0.0,-1396730000005344486,-0.147165298461914,19.901261111954227,-121.63428779204918,10.591844033583282,6,28,0.0,16399,579109337706722,17,38.5,-506.5655517578125,0.03379437327384949,16,0.0,0.0,1575420030,,,,0,0.0,1,-55.92,33.5,0.0,0.0,,,C,338305107288953,G,G28
698,1713027091417,332309412000000,18,0.0,-1396730000005344486,-0.147165298461914,19.901261111954227,-121.63428779204918,10.591844033583282,6,32,0.0,16399,579109345799571,9,45.7,241.53536987304688,0.04130919650197029,16,0.0,0.0,1575420030,,,,0,0.0,1,-55.92,40.7,0.0,0.0,,,C,338305107288953,G,G32
724,1713027091417,332309412000000,18,0.0,-1396730000005344486,-0.147165298461914,19.901261111954227,-121.63428779204918,10.591844033583282,6,03,0.0,81935,579109337121028,6,36.5,-500.49029541015625,0.08258473873138428,16,0.0,0.0,1176450050,,,,0,0.0,1,-37.58,31.5,-7861.53955078125,6.016160488128662,,,Q,338305107288953,G,G03
725,1713027091417,332309412000000,18,0.0,-1396730000005344486,-0.147165298461914,19.901261111954227,-121.63428779204918,10.591844033583282,6,08,0.0,81935,579109346849345,4,39.0,170.82174682617188,0.054974231868982315,16,0.0,0.0,1176450050,,,,0,0.0,1,-37.58,34.0,-7861.53955078125,6.016160488128662,,,Q,338305107288953,G,G08
726,1713027091417,332309412000000,18,0.0,-1396730000005344486,-0.147165298461914,19.901261111954227,-121.63428779204918,10.591844033583282,6,10,0.0,81935,579109341320974,10,30.8,359.22900390625,0.8567315936088562,16,0.0,0.0,1176450050,,,,0,0.0,1,-37.58,25.8,-7861.53955078125,6.016160488128662,,,Q,338305107288953,G,G10
727,1713027091417,332309412000000,18,0.0,-1396730000005344486,-0.147165298461914,19.901261111954227,-121.63428779204918,10.591844033583282,6,27,0.0,81935,579109343467953,6,35.8,538.1602783203125,0.07402034848928452,16,0.0,0.0,1176450050,,,,0,0.0,1,-37.58,30.799999999999997,-7861.53955078125,6.016160488128662,,,Q,338305107288953,G,G27
728,1713027091417,332309412000000,18,0.0,-1396730000005344486,-0.147165298461914,19.901261111954227,-121.63428779204918,10.591844033583282,6,28,0.0,81935,579109337714517,18,25.9,-506.4707336425781,1.1769999265670776,16,0.0,0.0,1176450050,,,,0,0.0,1,-37.58,20.9,-7861.53955078125,6.016160488128662,,,Q,338305107288953,G,G28
729,1713027091417,332309412000000,18,0.0,-1396730000005344486,-0.147165298461914,19.901261111954227,-121.63428779204918,10.591844033583282,6,32,0.0,81935,579109345807447,9,31.0,241.5102386474609,0.8323560953140259,16,0.0,0.0,1176450050,,,,0,0.0,1,-37.58,26.0,-7861.53955078125,6.016160488128662,,,Q,338305107288953,G,G32
746,1713027092417,332310412000000,18,0.0,-1396730000005344610,-0.691070556640625,19.17079498525709,-124.9762146274775,9.08737063710159,6,02,0.0,16399,579110340819587,8,46.0,-501.0005493164063,0.04820025712251663,16,0.0,0.0,1575420030,,,,0,0.0,1,-56.3,41.0,0.0,0.0,,,C,338306118531766,G,G02
747,1713027092417,332310412000000,18,0.0,-1396730000005344610,-0.691070556640625,19.17079498525709,-124.9762146274775,9.08737063710159,6,03,0.0,16399,579110337114887,9,45.4,-499.6053771972656,0.023309193551540375,16,0.0,0.0,1575420030,,,,0,0.0,1,-56.3,40.4,0.0,0.0,,,C,338306118531766,G,G03
748,1713027092417,332310412000000,18,0.0,-1396730000005344610,-0.691070556640625,19.17079498525709,-124.9762146274775,9.08737063710159,6,08,0.0,16399,579110346840931,6,49.7,171.771728515625,0.037792082875967026,16,0.0,0.0,1575420030,,,,0,0.0,1,-56.3,44.7,0.0,0.0,,,C,338306118531766,G,G08
749,1713027092417,332310412000000,18,0.0,-1396730000005344610,-0.691070556640625,19.17079498525709,-124.9762146274775,9.08737063710159,6,10,0.0,16399,579110341311864,31,33.9,359.8833923339844,0.6420000195503235,16,0.0,0.0,1575420030,,,,0,0.0,1,-56.3,28.9,0.0,0.0,,,C,338306118531766,G,G10
750,1713027092417,332310412000000,18,0.0,-1396730000005344610,-0.691070556640625,19.17079498525709,-124.9762146274775,9.08737063710159,6,21,0.0,16399,579110344949768,9,45.4,-343.63336181640625,0.042809195816516876,16,0.0,0.0,1575420030,,,,0,0.0,1,-56.3,40.4,0.0,0.0,,,C,338306118531766,G,G21
751,1713027092417,332310412000000,18,0.0,-1396730000005344610,-0.691070556640625,19.17079498525709,-124.9762146274775,9.08737063710159,6,27,0.0,16399,579110343458307,9,45.1,539.0724487304688,0.04430919513106346,16,0.0,0.0,1575420030,,,,0,0.0,1,-56.3,40.1,0.0,0.0,,,C,338306118531766,G,G27
752,1713027092417,332310412000000,18,0.0,-1396730000005344610,-0.691070556640625,19.17079498525709,-124.9762146274775,9.08737063710159,6,28,0.0,16399,579110337708430,17,38.1,-505.6785278320313,0.03379437327384949,16,0.0,0.0,1575420030,,,,0,0.0,1,-56.3,33.1,0.0,0.0,,,C,338306118531766,G,G28
753,1713027092417,332310412000000,18,0.0,-1396730000005344610,-0.691070556640625,19.17079498525709,-124.9762146274775,9.08737063710159,6,32,0.0,16399,579110345798778,10,44.1,242.4747467041016,0.04189910739660263,16,0.0,0.0,1575420030,,,,0,0.0,1,-56.3,39.1,0.0,0.0,,,C,338306118531766,G,G32
779,1713027092417,332310412000000,18,0.0,-1396730000005344610,-0.691070556640625,19.17079498525709,-124.9762146274775,9.08737063710159,6,03,0.0,81935,579110337122698,6,35.9,-499.5899353027344,0.0950203537940979,16,0.0,0.0,1176450050,,,,0,0.0,1,-38.0,30.9,-7861.54150390625,6.016242027282715,,,Q,338306118531766,G,G03
780,1713027092417,332310412000000,18,0.0,-1396730000005344610,-0.691070556640625,19.17079498525709,-124.9762146274775,9.08737063710159,6,08,0.0,81935,579110346848772,5,37.9,171.77581787109375,0.060045309364795685,16,0.0,0.0,1176450050,,,,0,0.0,1,-38.0,32.9,-7861.54150390625,6.016242027282715,,,Q,338306118531766,G,G08
781,1713027092417,332310412000000,18,0.0,-1396730000005344610,-0.691070556640625,19.17079498525709,-124.9762146274775,9.08737063710159,6,10,0.0,81935,579110341319783,12,28.5,359.7789611816406,0.9329999685287476,16,0.0,0.0,1176450050,,,,0,0.0,1,-38.0,23.5,-7861.54150390625,6.016242027282715,,,Q,338306118531766,G,G10
782,1713027092417,332310412000000,18,0.0,-1396730000005344610,-0.691070556640625,19.17079498525709,-124.9762146274775,9.08737063710159,6,27,0.0,81935,579110343466155,6,36.0,539.102294921875,0.06158473715186119,16,0.0,0.0,1176450050,,,,0,0.0,1,-38.0,31.0,-7861.54150390625,6.016242027282715,,,Q,338306118531766,G,G27
783,1713027092417,332310412000000,18,0.0,-1396730000005344610,-0.691070556640625,19.17079498525709,-124.9762146274775,9.08737063710159,6,32,0.0,81935,579110345806633,10,30.5,242.52532958984372,1.6272157430648804,16,0.0,0.0,1176450050,,,,0,0.0,1,-38.0,25.5,-7861.54150390625,6.016242027282715,,,Q,338306118531766,G,G32
800,1713027093417,332311412000000,18,0.0,-1396730000005344731,-0.3010692596435547,21.216254026512615,-122.1173083095404,12.47683764721147,6,02,0.0,16399,579111340821255,8,46.6,-500.7537536621094,0.04820025712251663,16,0.0,0.0,1575420030,,,,0,0.0,1,-56.67,41.6,0.0,0.0,,,C,338307110475567,G,G02
801,1713027093417,332311412000000,18,0.0,-1396730000005344731,-0.3010692596435547,21.216254026512615,-122.1173083095404,12.47683764721147,6,03,0.0,16399,579111337116547,9,45.0,-499.35162353515625,0.023309193551540375,16,0.0,0.0,1575420030,,,,0,0.0,1,-56.67,40.0,0.0,0.0,,,C,338307110475567,G,G03
802,1713027093417,332311412000000,18,0.0,-1396730000005344731,-0.3010692596435547,21.216254026512615,-122.1173083095404,12.47683764721147,6,08,0.0,16399,579111346840367,6,49.6,172.10052490234375,0.037792082875967026,16,0.0,0.0,1575420030,,,,0,0.0,1,-56.67,44.6,0.0,0.0,,,C,338307110475567,G,G08
803,1713027093417,332311412000000,18,0.0,-1396730000005344731,-0.3010692596435547,21.216254026512615,-122.1173083095404,12.47683764721147,6,21,0.0,16399,579111344950906,10,44.0,-343.354736328125,0.043399106711149216,16,0.0,0.0,1575420030,,,,0,0.0,1,-56.67,39.0,0.0,0.0,,,C,338307110475567,G,G21
804,1713027093417,332311412000000,18,0.0,-1396730000005344731,-0.3010692596435547,21.216254026512615,-122.1173083095404,12.47683764721147,6,27,0.0,16399,579111343456503,9,45.0,539.3671264648438,0.04430919513106346,16,0.0,0.0,1575420030,,,,0,0.0,1,-56.67,40.0,0.0,0.0,,,C,338307110475567,G,G27
805,1713027093417,332311412000000,18,0.0,-1396730000005344731,-0.3010692596435547,21.216254026512615,-122.1173083095404,12.47683764721147,6,28,0.0,16399,579111337710084,21,36.8,-505.42138671875,0.06209104508161545,16,0.0,0.0,1575420030,,,,0,0.0,1,-56.67,31.799999999999997,0.0,0.0,,,C,338307110475567,G,G28
806,1713027093417,332311412000000,18,0.0,-1396730000005344731,-0.3010692596435547,21.216254026512615,-122.1173083095404,12.47683764721147,6,32,0.0,16399,579111345797969,13,41.9,242.8070373535156,0.04439195245504379,16,0.0,0.0,1575420030,,,,0,0.0,1,-56.67,36.9,0.0,0.0,,,C,338307110475567,G,G32
830,1713027093417,332311412000000,18,0.0,-1396730000005344731,-0.3010692596435547,21.216254026512615,-122.1173083095404,12.47683764721147,6,03,0.0,81935,579111337124364,6,35.8,-499.3502197265625,0.0950203537940979,16,0.0,0.0,1176450050,,,,0,0.0,1,-38.11,30.799999999999997,-7861.54150390625,6.016323089599609,,,Q,338307110475567,G,G03
831,1713027093417,332311412000000,18,0.0,-1396730000005344731,-0.3010692596435547,21.216254026512615,-122.1173083095404,12.47683764721147,6,08,0.0,81935,579111346848203,5,37.6,172.1139373779297,0.060045309364795685,16,0.0,0.0,1176450050,,,,0,0.0,1,-38.11,32.6,-7861.54150390625,6.016323089599609,,,Q,338307110475567,G,G08
832,1713027093417,332311412000000,18,0.0,-1396730000005344731,-0.3010692596435547,21.216254026512615,-122.1173083095404,12.47683764721147,6,10,0.0,81935,579111341318570,11,29.2,360.449462890625,0.16635149717330933,16,0.0,0.0,1176450050,,,,0,0.0,1,-38.11,24.2,-7861.54150390625,6.016323089599609,,,Q,338307110475567,G,G10
833,1713027093417,332311412000000,18,0.0,-1396730000005344731,-0.3010692596435547,21.216254026512615,-122.1173083095404,12.47683764721147,6,27,0.0,81935,579111343464351,6,35.8,539.3866577148438,0.07402034848928452,16,0.0,0.0,1176450050,,,,0,0.0,1,-38.11,30.799999999999997,-7861.54150390625,6.016323089599609,,,Q,338307110475567,G,G27
834,1713027093417,332311412000000,18,0.0,-1396730000005344731,-0.3010692596435547,21.216254026512615,-122.1173083095404,12.47683764721147,6,32,0.0,81935,579111345805831,10,30.6,242.8593597412109,0.09824752062559128,16,0.0,0.0,1176450050,,,,0,0.0,1,-38.11,25.6,-7861.54150390625,6.016323089599609,,,Q,338307110475567,G,G32
851,1713027094417,332312412000000,18,0.0,-1396730000005344853,-0.0435562133789062,21.54490357497707,-121.36631065563282,12.536452539551531,6,02,0.0,16399,579112340822927,8,46.2,-500.7961730957031,0.04820025712251663,16,0.0,0.0,1575420030,,,,0,0.0,1,-57.38,41.2,0.0,0.0,,,C,338308108609109,G,G02
852,1713027094417,332312412000000,18,0.0,-1396730000005344853,-0.0435562133789062,21.54490357497707,-121.36631065563282,12.536452539551531,6,03,0.0,16399,579112337118220,10,44.4,-499.3572082519531,0.023899104446172714,16,0.0,0.0,1575420030,,,,0,0.0,1,-57.38,39.4,0.0,0.0,,,C,338308108609109,G,G03
853,1713027094417,332312412000000,18,0.0,-1396730000005344853,-0.0435562133789062,21.54490357497707,-121.36631065563282,12.536452539551531,6,08,0.0,16399,579112346839785,6,48.9,172.16201782226562,0.03830587491393089,16,0.0,0.0,1575420030,,,,0,0.0,1,-57.38,43.9,0.0,0.0,,,C,338308108609109,G,G08
854,1713027094417,332312412000000,18,0.0,-1396730000005344853,-0.0435562133789062,21.54490357497707,-121.36631065563282,12.536452539551531,6,21,0.0,16399,579112344952060,11,43.7,-343.36346435546875,0.04419833794236183,16,0.0,0.0,1575420030,,,,0,0.0,1,-57.38,38.7,0.0,0.0,,,C,338308108609109,G,G21
855,1713027094417,332312412000000,18,0.0,-1396730000005344853,-0.0435562133789062,21.54490357497707,-121.36631065563282,12.536452539551531,6,27,0.0,16399,579112343454698,10,44.3,539.3644409179688,0.0448991060256958,16,0.0,0.0,1575420030,,,,0,0.0,1,-57.38,39.3,0.0,0.0,,,C,338308108609109,G,G27
856,1713027094417,332312412000000,18,0.0,-1396730000005344853,-0.0435562133789062,21.54490357497707,-121.36631065563282,12.536452539551531,6,28,0.0,16399,579112337711795,21,36.8,-505.44622802734375,0.6329720616340637,16,0.0,0.0,1575420030,,,,0,0.0,1,-57.38,31.799999999999997,0.0,0.0,,,C,338308108609109,G,G28
857,1713027094417,332312412000000,18,0.0,-1396730000005344853,-0.0435562133789062,21.54490357497707,-121.36631065563282,12.536452539551531,6,32,0.0,16399,579112345797171,13,41.9,242.85076904296875,0.04439195245504379,16,0.0,0.0,1575420030,,,,0,0.0,1,-57.38,36.9,0.0,0.0,,,C,338308108609109,G,G32
882,1713027094417,332312412000000,18,0.0,-1396730000005344853,-0.0435562133789062,21.54490357497707,-121.36631065563282,12.536452539551531,6,03,0.0,81935,579112337126028,6,35.8,-499.3470153808594,0.0950203537940979,16,0.0,0.0,1176450050,,,,0,0.0,1,-38.76,30.799999999999997,-7861.54052734375,6.0164031982421875,,,Q,338308108609109,G,G03
883,1713027094417,332312412000000,18,0.0,-1396730000005344853,-0.0435562133789062,21.54490357497707,-121.36631065563282,12.536452539551531,6,08,0.0,81935,579112346847627,5,37.5,172.1955108642578,0.060045309364795685,16,0.0,0.0,1176450050,,,,0,0.0,1,-38.76,32.5,-7861.54052734375,6.0164031982421875,,,Q,338308108609109,G,G08
884,1713027094417,332312412000000,18,0.0,-1396730000005344853,-0.0435562133789062,21.54490357497707,-121.36631065563282,12.536452539551531,6,10,0.0,81935,579112341317371,14,27.4,360.0465393066406,1.0130000114440918,16,0.0,0.0,1176450050,,,,0,0.0,1,-38.76,22.4,-7861.54052734375,6.0164031982421875,,,Q,338308108609109,G,G10
885,1713027094417,332312412000000,18,0.0,-1396730000005344853,-0.0435562133789062,21.54490357497707,-121.36631065563282,12.536452539551531,6,27,0.0,81935,579112343462555,6,35.3,539.4036865234375,0.07402034848928452,16,0.0,0.0,1176450050,,,,0,0.0,1,-38.76,30.299999999999997,-7861.54052734375,6.0164031982421875,,,Q,338308108609109,G,G27
886,1713027094417,332312412000000,18,0.0,-1396730000005344853,-0.0435562133789062,21.54490357497707,-121.36631065563282,12.536452539551531,6,28,0.0,81935,579112337719613,23,23.4,-505.8209228515625,2.867000102996826,16,0.0,0.0,1176450050,,,,0,0.0,1,-38.76,18.4,-7861.54052734375,6.0164031982421875,,,Q,338308108609109,G,G28
887,1713027094417,332312412000000,18,0.0,-1396730000005344853,-0.0435562133789062,21.54490357497707,-121.36631065563282,12.536452539551531,6,32,0.0,81935,579112345805012,10,30.3,242.8943328857422,1.6272157430648804,16,0.0,0.0,1176450050,,,,0,0.0,1,-38.76,25.3,-7861.54052734375,6.0164031982421875,,,Q,338308108609109,G,G32
904,1713027095417,332313412000000,18,0.0,-1396730000005344974,-0.428415298461914,18.107293726643547,-121.53403176841078,9.582579597116306,6,02,0.0,16399,579113340824600,8,46.1,-503.1488342285156,0.04820025712251663,16,0.0,0.0,1575420030,,,,0,0.0,1,-57.26,41.1,0.0,0.0,,,C,338309110441557,G,G02
905,1713027095417,332313412000000,18,0.0,-1396730000005344974,-0.428415298461914,18.107293726643547,-121.53403176841078,9.582579597116306,6,03,0.0,16399,579113337119881,10,44.4,-501.7610473632813,0.023899104446172714,16,0.0,0.0,1575420030,,,,0,0.0,1,-57.26,39.4,0.0,0.0,,,C,338309110441557,G,G03
906,1713027095417,332313412000000,18,0.0,-1396730000005344974,-0.428415298461914,18.107293726643547,-121.53403176841078,9.582579597116306,6,08,0.0,16399,579113346839217,6,48.9,169.8882598876953,0.03830587491393089,16,0.0,0.0,1575420030,,,,0,0.0,1,-57.26,43.9,0.0,0.0,,,C,338309110441557,G,G08
907,1713027095417,332313412000000,18,0.0,-1396730000005344974,-0.428415298461914,18.107293726643547,-121.53403176841078,9.582579597116306,6,21,0.0,16399,579113344953189,11,43.3,-345.72955322265625,0.04419833794236183,16,0.0,0.0,1575420030,,,,0,0.0,1,-57.26,38.3,0.0,0.0,,,C,338309110441557,G,G21
908,1713027095417,332313412000000,18,0.0,-1396730000005344974,-0.428415298461914,18.107293726643547,-121.53403176841078,9.582579597116306,6,27,0.0,16399,579113343452906,11,43.9,537.041748046875,0.04569833725690842,16,0.0,0.0,1575420030,,,,0,0.0,1,-57.26,38.9,0.0,0.0,,,C,338309110441557,G,G27
909,1713027095417,332313412000000,18,0.0,-1396730000005344974,-0.428415298461914,18.107293726643547,-121.53403176841078,9.582579597116306,6,28,0.0,16399,579113337713507,24,35.2,-507.8642578125,5.231932163238525,16,0.0,0.0,1575420030,,,,0,0.0,1,-57.26,30.200000000000003,0.0,0.0,,,C,338309110441557,G,G28
910,1713027095417,332313412000000,18,0.0,-1396730000005344974,-0.428415298461914,18.107293726643547,-121.53403176841078,9.582579597116306,6,32,0.0,16399,579113345796378,14,40.3,240.554443359375,0.04549565538764,16,0.0,0.0,1575420030,,,,0,0.0,1,-57.26,35.3,0.0,0.0,,,C,338309110441557,G,G32
934,1713027095417,332313412000000,18,0.0,-1396730000005344974,-0.428415298461914,18.107293726643547,-121.53403176841078,9.582579597116306,6,03,0.0,81935,579113337127695,7,34.6,-501.96099853515625,0.11550851911306381,16,0.0,0.0,1176450050,,,,0,0.0,1,-38.66,29.6,-7861.53955078125,6.01648473739624,,,Q,338309110441557,G,G03
935,1713027095417,332313412000000,18,0.0,-1396730000005344974,-0.428415298461914,18.107293726643547,-121.53403176841078,9.582579597116306,6,08,0.0,81935,579113346847056,6,36.5,169.64108276367188,0.8305688500404358,16,0.0,0.0,1176450050,,,,0,0.0,1,-38.66,31.5,-7861.53955078125,6.01648473739624,,,Q,338309110441557,G,G08
936,1713027095417,332313412000000,18,0.0,-1396730000005344974,-0.428415298461914,18.107293726643547,-121.53403176841078,9.582579597116306,6,10,0.0,81935,579113341316168,14,27.2,357.1287841796875,1.0130000114440918,16,0.0,0.0,1176450050,,,,0,0.0,1,-38.66,22.2,-7861.53955078125,6.01648473739624,,,Q,338309110441557,G,G10
937,1713027095417,332313412000000,18,0.0,-1396730000005344974,-0.428415298461914,18.107293726643547,-121.53403176841078,9.582579597116306,6,27,0.0,81935,579113343460761,6,35.2,536.7843627929688,0.07402034848928452,16,0.0,0.0,1176450050,,,,0,0.0,1,-38.66,30.200000000000003,-7861.53955078125,6.01648473739624,,,Q,338309110441557,G,G27
938,1713027095417,332313412000000,18,0.0,-1396730000005344974,-0.428415298461914,18.107293726643547,-121.53403176841078,9.582579597116306,6,32,0.0,81935,579113345804205,11,29.9,240.01702880859372,5.523740291595459,16,0.0,0.0,1176450050,,,,0,0.0,1,-38.66,24.9,-7861.53955078125,6.01648473739624,,,Q,338309110441557,G,G32
955,1713027096417,332314412000000,18,0.0,-1396730000005345109,-0.373331069946289,20.35386933130212,-129.66704878742445,11.751490119671518,6,02,0.0,16399,579114340826272,8,46.9,-499.4737243652344,0.04820025712251663,16,0.0,0.0,1575420030,,,,0,0.0,1,-56.41,41.9,0.0,0.0,,,C,338310110373640,G,G02
956,1713027096417,332314412000000,18,0.0,-1396730000005345109,-0.373331069946289,20.35386933130212,-129.66704878742445,11.751490119671518,6,03,0.0,16399,579114337121560,9,45.2,-498.05517578125,0.023309193551540375,16,0.0,0.0,1575420030,,,,0,0.0,1,-56.41,40.2,0.0,0.0,,,C,338310110373640,G,G03
957,1713027096417,332314412000000,18,0.0,-1396730000005345109,-0.373331069946289,20.35386933130212,-129.66704878742445,11.751490119671518,6,08,0.0,16399,579114346838645,6,49.3,173.6709442138672,0.037792082875967026,16,0.0,0.0,1575420030,,,,0,0.0,1,-56.41,44.3,0.0,0.0,,,C,338310110373640,G,G08
958,1713027096417,332314412000000,18,0.0,-1396730000005345109,-0.373331069946289,20.35386933130212,-129.66704878742445,11.751490119671518,6,10,0.0,16399,579114341307093,21,36.6,361.8014221191406,1.2578530311584473,16,0.0,0.0,1575420030,,,,0,0.0,1,-56.41,31.6,0.0,0.0,,,C,338310110373640,G,G10
959,1713027096417,332314412000000,18,0.0,-1396730000005345109,-0.373331069946289,20.35386933130212,-129.66704878742445,11.751490119671518,6,21,0.0,16399,579114344954340,9,45.9,-342.0204772949219,0.042809195816516876,16,0.0,0.0,1575420030,,,,0,0.0,1,-56.41,40.9,0.0,0.0,,,C,338310110373640,G,G21
960,1713027096417,332314412000000,18,0.0,-1396730000005345109,-0.373331069946289,20.35386933130212,-129.66704878742445,11.751490119671518,6,27,0.0,16399,579114343451114,9,45.1,540.780517578125,0.04430919513106346,16,0.0,0.0,1575420030,,,,0,0.0,1,-56.41,40.1,0.0,0.0,,,C,338310110373640,G,G27
961,1713027096417,332314412000000,18,0.0,-1396730000005345109,-0.373331069946289,20.35386933130212,-129.66704878742445,11.751490119671518,6,28,0.0,16399,579114337715168,16,39.1,-503.6883544921875,0.3880000114440918,16,0.0,0.0,1575420030,,,,0,0.0,1,-56.41,34.1,0.0,0.0,,,C,338310110373640,G,G28
962,1713027096417,332314412000000,18,0.0,-1396730000005345109,-0.373331069946289,20.35386933130212,-129.66704878742445,11.751490119671518,6,32,0.0,16399,579114345795540,11,43.8,244.32894897460935,0.04269833862781525,16,0.0,0.0,1575420030,,,,0,0.0,1,-56.41,38.8,0.0,0.0,,,C,338310110373640,G,G32
989,1713027096417,332314412000000,18,0.0,-1396730000005345109,-0.373331069946289,20.35386933130212,-129.66704878742445,11.751490119671518,6,03,0.0,81935,579114337129366,6,36.3,-498.0909423828125,0.8470688462257385,16,0.0,0.0,1176450050,,,,0,0.0,1,-37.77,31.299999999999997,-7861.53857421875,6.016565322875977,,,Q,338310110373640,G,G03
990,1713027096417,332314412000000,18,0.0,-1396730000005345109,-0.373331069946289,20.35386933130212,-129.66704878742445,11.751490119671518,6,08,0.0,81935,579114346846481,4,39.0,173.61355590820312,0.054974231868982315,16,0.0,0.0,1176450050,,,,0,0.0,1,-37.77,34.0,-7861.53857421875,6.016565322875977,,,Q,338310110373640,G,G08
991,1713027096417,332314412000000,18,0.0,-1396730000005345109,-0.373331069946289,20.35386933130212,-129.66704878742445,11.751490119671518,6,10,0.0,81935,579114341314978,14,27.4,361.7029113769531,1.0130000114440918,16,0.0,0.0,1176450050,,,,0,0.0,1,-37.77,22.4,-7861.53857421875,6.016565322875977,,,Q,338310110373640,G,G10
992,1713027096417,332314412000000,18,0.0,-1396730000005345109,-0.373331069946289,20.35386933130212,-129.66704878742445,11.751490119671518,6,27,0.0,81935,579114343458961,6,36.1,540.7166748046875,0.06158473715186119,16,0.0,0.0,1176450050,,,,0,0.0,1,-37.77,31.1,-7861.53857421875,6.016565322875977,,,Q,338310110373640,G,G27
993,1713027096417,332314412000000,18,0.0,-1396730000005345109,-0.373331069946289,20.35386933130212,-129.66704878742445,11.751490119671518,6,32,0.0,81935,579114345803395,10,30.0,244.32911682128903,0.8089999556541443,16,0.0,0.0,1176450050,,,,0,0.0,1,-37.77,25.0,-7861.53857421875,6.016565322875977,,,Q,338310110373640,G,G32
1010,1713027097417,332315412000000,18,0.0,-1396730000005345219,-0.0160751342773437,19.97109575313516,-117.46949555026885,12.486550386904765,6,02,0.0,16399,579115340827944,7,47.5,-499.8954162597656,0.04770549386739731,16,0.0,0.0,1575420030,,,,0,0.0,1,-56.05,42.5,0.0,0.0,,,C,338311109245826,G,G02
1011,1713027097417,332315412000000,18,0.0,-1396730000005345219,-0.0160751342773437,19.97109575313516,-117.46949555026885,12.486550386904765,6,03,0.0,16399,579115337123214,9,45.5,-498.4231567382813,0.023309193551540375,16,0.0,0.0,1575420030,,,,0,0.0,1,-56.05,40.5,0.0,0.0,,,C,338311109245826,G,G03
1012,1713027097417,332315412000000,18,0.0,-1396730000005345219,-0.0160751342773437,19.97109575313516,-117.46949555026885,12.486550386904765,6,08,0.0,16399,579115346838058,5,50.3,173.3470001220703,0.03750664368271828,16,0.0,0.0,1575420030,,,,0,0.0,1,-56.05,45.3,0.0,0.0,,,C,338311109245826,G,G08
1013,1713027097417,332315412000000,18,0.0,-1396730000005345219,-0.0160751342773437,19.97109575313516,-117.46949555026885,12.486550386904765,6,10,0.0,16399,579115341305903,17,38.3,361.193603515625,0.05779437720775604,16,0.0,0.0,1575420030,,,,0,0.0,1,-56.05,33.3,0.0,0.0,,,C,338311109245826,G,G10
1014,1713027097417,332315412000000,18,0.0,-1396730000005345219,-0.0160751342773437,19.97109575313516,-117.46949555026885,12.486550386904765,6,21,0.0,16399,579115344955491,8,46.4,-342.4220886230469,0.04220025613903999,16,0.0,0.0,1575420030,,,,0,0.0,1,-56.05,41.4,0.0,0.0,,,C,338311109245826,G,G21
1015,1713027097417,332315412000000,18,0.0,-1396730000005345219,-0.0160751342773437,19.97109575313516,-117.46949555026885,12.486550386904765,6,27,0.0,16399,579115343449298,9,45.3,540.3980102539062,0.04430919513106346,16,0.0,0.0,1575420030,,,,0,0.0,1,-56.05,40.3,0.0,0.0,,,C,338311109245826,G,G27
1016,1713027097417,332315412000000,18,0.0,-1396730000005345219,-0.0160751342773437,19.97109575313516,-117.46949555026885,12.486550386904765,6,28,0.0,16399,579115337716838,16,39.8,-504.5303039550781,0.03240523114800453,16,0.0,0.0,1575420030,,,,0,0.0,1,-56.05,34.8,0.0,0.0,,,C,338311109245826,G,G28
1017,1713027097417,332315412000000,18,0.0,-1396730000005345219,-0.0160751342773437,19.97109575313516,-117.46949555026885,12.486550386904765,6,32,0.0,16399,579115345794732,10,44.0,243.97378540039065,0.04189910739660263,16,0.0,0.0,1575420030,,,,0,0.0,1,-56.05,39.0,0.0,0.0,,,C,338311109245826,G,G32
1044,1713027097417,332315412000000,18,0.0,-1396730000005345219,-0.0160751342773437,19.97109575313516,-117.46949555026885,12.486550386904765,6,03,0.0,81935,579115337131031,6,36.0,-498.4503479003906,0.08258473873138428,16,0.0,0.0,1176450050,,,,0,0.0,1,-37.83,31.0,-7861.53857421875,6.016646862030029,,,Q,338311109245826,G,G03
1045,1713027097417,332315412000000,18,0.0,-1396730000005345219,-0.0160751342773437,19.97109575313516,-117.46949555026885,12.486550386904765,6,08,0.0,81935,579115346845904,4,39.6,173.31192016601562,0.054974231868982315,16,0.0,0.0,1176450050,,,,0,0.0,1,-37.83,34.6,-7861.53857421875,6.016646862030029,,,Q,338311109245826,G,G08
1046,1713027097417,332315412000000,18,0.0,-1396730000005345219,-0.0160751342773437,19.97109575313516,-117.46949555026885,12.486550386904765,6,10,0.0,81935,579115341313758,18,25.9,361.1805114746094,1.1829999685287476,16,0.0,0.0,1176450050,,,,0,0.0,1,-37.83,20.9,-7861.53857421875,6.016646862030029,,,Q,338311109245826,G,G10
1047,1713027097417,332315412000000,18,0.0,-1396730000005345219,-0.0160751342773437,19.97109575313516,-117.46949555026885,12.486550386904765,6,27,0.0,81935,579115343457155,5,37.2,540.3538818359375,0.05554531514644623,16,0.0,0.0,1176450050,,,,0,0.0,1,-37.83,32.2,-7861.53857421875,6.016646862030029,,,Q,338311109245826,G,G27
1048,1713027097417,332315412000000,18,0.0,-1396730000005345219,-0.0160751342773437,19.97109575313516,-117.46949555026885,12.486550386904765,6,28,0.0,81935,579115337724664,20,24.5,-504.16455078125,2.7669999599456787,16,0.0,0.0,1176450050,,,,0,0.0,1,-37.83,19.5,-7861.53857421875,6.016646862030029,,,Q,338311109245826,G,G28
1049,1713027097417,332315412000000,18,0.0,-1396730000005345219,-0.0160751342773437,19.97109575313516,-117.46949555026885,12.486550386904765,6,32,0.0,81935,579115345802586,11,29.7,243.9559783935547,0.17235150933265686,16,0.0,0.0,1176450050,,,,0,0.0,1,-37.83,24.7,-7861.53857421875,6.016646862030029,,,Q,338311109245826,G,G32
